-- phpMyAdmin SQL Dump
-- version 5.1.0
-- https://www.phpmyadmin.net/
--
-- Host: 127.0.0.1
-- Generation Time: Jun 30, 2021 at 01:31 PM
-- Server version: 10.4.18-MariaDB
-- PHP Version: 8.0.3

SET SQL_MODE = "NO_AUTO_VALUE_ON_ZERO";
START TRANSACTION;
SET time_zone = "+00:00";


/*!40101 SET @OLD_CHARACTER_SET_CLIENT=@@CHARACTER_SET_CLIENT */;
/*!40101 SET @OLD_CHARACTER_SET_RESULTS=@@CHARACTER_SET_RESULTS */;
/*!40101 SET @OLD_COLLATION_CONNECTION=@@COLLATION_CONNECTION */;
/*!40101 SET NAMES utf8mb4 */;

--
-- Database: `attend_sys`
--

-- --------------------------------------------------------

--
-- Table structure for table `academic_year`
--

CREATE TABLE `academic_year` (
  `acedemic_id` int(11) NOT NULL,
  `academic_descr` varchar(20) DEFAULT NULL
) ENGINE=InnoDB DEFAULT CHARSET=utf8mb4;

--
-- Dumping data for table `academic_year`
--

INSERT INTO `academic_year` (`acedemic_id`, `academic_descr`) VALUES
(83, '2020-21'),
(92, '2021-22');

-- --------------------------------------------------------

--
-- Table structure for table `attendance`
--

CREATE TABLE `attendance` (
  `id` bigint(20) NOT NULL,
  `class_id` int(11) NOT NULL,
  `student_id` varchar(255) DEFAULT NULL,
  `status` int(11) NOT NULL DEFAULT 0,
  `date_time` datetime NOT NULL
) ENGINE=InnoDB DEFAULT CHARSET=utf8mb4;

--
-- Dumping data for table `attendance`
--

INSERT INTO `attendance` (`id`, `class_id`, `student_id`, `status`, `date_time`) VALUES
(2914, 137, '2019032500202240', 0, '2021-06-06 01:55:00'),
(2915, 137, '2019032500202450', 0, '2021-06-06 01:55:00'),
(2916, 137, '2019032500202420', 0, '2021-06-06 01:55:00'),
(2917, 137, '2019032500202310', 0, '2021-06-06 01:55:00'),
(2918, 137, '2019032500202110', 0, '2021-06-06 01:55:00'),
(2919, 137, '2019032500202430', 0, '2021-06-06 01:55:00'),
(2920, 137, '2019032500202380', 1, '2021-06-06 01:55:00'),
(2921, 137, '2019032500202340', 1, '2021-06-06 01:55:00'),
(2922, 137, '2019032500202660', 1, '2021-06-06 01:55:00'),
(2923, 137, '2019032500202260', 1, '2021-06-06 01:55:00'),
(2924, 137, '2019032500202570', 1, '2021-06-06 01:55:00'),
(2925, 137, '2019032500202370', 1, '2021-06-06 01:55:00'),
(2926, 137, '2019032500202080', 1, '2021-06-06 01:55:00'),
(2927, 137, '2019032500202630', 1, '2021-06-06 01:55:00'),
(2928, 137, '2019032500202410', 0, '2021-06-06 01:55:00'),
(2929, 137, '2019032500202320', 0, '2021-06-06 01:55:00'),
(2930, 137, '2019032500202220', 0, '2021-06-06 01:55:00'),
(2931, 137, '2019032500202690', 0, '2021-06-06 01:55:00'),
(2932, 137, '2019032500202200', 1, '2021-06-06 01:55:00'),
(2933, 137, '2019032500202390', 1, '2021-06-06 01:55:00'),
(2934, 137, '2019032500202710', 1, '2021-06-06 01:55:00'),
(2935, 137, '2019032500202680', 1, '2021-06-06 01:55:00'),
(2936, 137, '2019032500202290', 1, '2021-06-06 01:55:00'),
(2937, 137, '2019032500202360', 1, '2021-06-06 01:55:00'),
(2938, 137, '2019032500202300', 1, '2021-06-06 01:55:00'),
(2939, 137, '2019032500202140', 1, '2021-06-06 01:55:00'),
(2940, 137, '2019032500202600', 1, '2021-06-06 01:55:00'),
(2941, 137, '2019032500202130', 1, '2021-06-06 01:55:00'),
(2942, 137, '2019032500202150', 1, '2021-06-06 01:55:00'),
(2943, 137, '2019032500202670', 1, '2021-06-06 01:55:00'),
(2944, 137, '2019032500202550', 1, '2021-06-06 01:55:00'),
(2945, 137, '2019032500202230', 1, '2021-06-06 01:55:00'),
(2946, 137, '2019032500202460', 1, '2021-06-06 01:55:00'),
(2947, 137, '2019032500202090', 1, '2021-06-06 01:55:00'),
(2948, 137, '2019032500202210', 1, '2021-06-06 01:55:00'),
(2949, 137, '2019032500202350', 1, '2021-06-06 01:55:00'),
(2950, 137, '2019032500202540', 1, '2021-06-06 01:55:00'),
(2951, 137, '2019032500202120', 1, '2021-06-06 01:55:00'),
(2952, 137, '2019032500202170', 1, '2021-06-06 01:55:00'),
(2953, 137, '2019032500202470', 1, '2021-06-06 01:55:00'),
(2954, 137, '2019032500202700', 1, '2021-06-06 01:55:00'),
(2955, 137, '2019032500202730', 1, '2021-06-06 01:55:00'),
(2956, 137, '2019032500202560', 1, '2021-06-06 01:55:00'),
(2957, 137, '2019032500202640', 1, '2021-06-06 01:55:00'),
(2958, 137, '2019032500202180', 1, '2021-06-06 01:55:00'),
(2959, 137, '2019032500202400', 1, '2021-06-06 01:55:00'),
(2960, 137, '2019032500202590', 1, '2021-06-06 01:55:00'),
(2961, 137, '2019032500202440', 1, '2021-06-06 01:55:00'),
(2962, 137, '2019032500202270', 1, '2021-06-06 01:55:00'),
(2963, 137, '2019032500202190', 1, '2021-06-06 01:55:00'),
(2964, 137, '2019032500202720', 1, '2021-06-06 01:55:00'),
(2965, 137, '2019032500202330', 1, '2021-06-06 01:55:00'),
(2966, 137, '2019032500202530', 1, '2021-06-06 01:55:00'),
(2967, 137, '2019032500202100', 1, '2021-06-06 01:55:00'),
(2968, 137, '2019032500202480', 1, '2021-06-06 01:55:00'),
(2969, 137, '2019032500202580', 1, '2021-06-06 01:55:00'),
(2970, 137, '2019032500202250', 1, '2021-06-06 01:55:00'),
(2971, 137, '2019032500202610', 1, '2021-06-06 01:55:00'),
(2972, 137, '2018032500246970', 1, '2021-06-06 01:55:00'),
(2973, 137, '2016032500221080', 1, '2021-06-06 01:55:00'),
(2974, 137, '2018032500247010', 1, '2021-06-06 01:55:00'),
(2975, 137, '2018032500246960', 1, '2021-06-06 01:55:00'),
(2976, 137, '2016032500220230', 1, '2021-06-06 01:55:00'),
(2977, 137, '2018032500246990', 1, '2021-06-06 01:55:00'),
(2978, 137, '2019032500202240', 0, '2021-06-05 11:05:00'),
(2979, 137, '2019032500202450', 0, '2021-06-05 11:05:00'),
(2980, 137, '2019032500202420', 0, '2021-06-05 11:05:00'),
(2981, 137, '2019032500202310', 1, '2021-06-05 11:05:00'),
(2982, 137, '2019032500202110', 1, '2021-06-05 11:05:00'),
(2983, 137, '2019032500202430', 1, '2021-06-05 11:05:00'),
(2984, 137, '2019032500202380', 1, '2021-06-05 11:05:00'),
(2985, 137, '2019032500202340', 1, '2021-06-05 11:05:00'),
(2986, 137, '2019032500202660', 1, '2021-06-05 11:05:00'),
(2987, 137, '2019032500202260', 1, '2021-06-05 11:05:00'),
(2988, 137, '2019032500202570', 1, '2021-06-05 11:05:00'),
(2989, 137, '2019032500202370', 1, '2021-06-05 11:05:00'),
(2990, 137, '2019032500202080', 1, '2021-06-05 11:05:00'),
(2991, 137, '2019032500202630', 1, '2021-06-05 11:05:00'),
(2992, 137, '2019032500202410', 1, '2021-06-05 11:05:00'),
(2993, 137, '2019032500202320', 1, '2021-06-05 11:05:00'),
(2994, 137, '2019032500202220', 1, '2021-06-05 11:05:00'),
(2995, 137, '2019032500202690', 1, '2021-06-05 11:05:00'),
(2996, 137, '2019032500202200', 1, '2021-06-05 11:05:00'),
(2997, 137, '2019032500202390', 1, '2021-06-05 11:05:00'),
(2998, 137, '2019032500202710', 1, '2021-06-05 11:05:00'),
(2999, 137, '2019032500202680', 1, '2021-06-05 11:05:00'),
(3000, 137, '2019032500202290', 1, '2021-06-05 11:05:00'),
(3001, 137, '2019032500202360', 1, '2021-06-05 11:05:00'),
(3002, 137, '2019032500202300', 1, '2021-06-05 11:05:00'),
(3003, 137, '2019032500202140', 1, '2021-06-05 11:05:00'),
(3004, 137, '2019032500202600', 1, '2021-06-05 11:05:00'),
(3005, 137, '2019032500202130', 1, '2021-06-05 11:05:00'),
(3006, 137, '2019032500202150', 1, '2021-06-05 11:05:00'),
(3007, 137, '2019032500202670', 1, '2021-06-05 11:05:00'),
(3008, 137, '2019032500202550', 1, '2021-06-05 11:05:00'),
(3009, 137, '2019032500202230', 1, '2021-06-05 11:05:00'),
(3010, 137, '2019032500202460', 1, '2021-06-05 11:05:00'),
(3011, 137, '2019032500202090', 1, '2021-06-05 11:05:00'),
(3012, 137, '2019032500202210', 1, '2021-06-05 11:05:00'),
(3013, 137, '2019032500202350', 1, '2021-06-05 11:05:00'),
(3014, 137, '2019032500202540', 1, '2021-06-05 11:05:00'),
(3015, 137, '2019032500202120', 1, '2021-06-05 11:05:00'),
(3016, 137, '2019032500202170', 1, '2021-06-05 11:05:00'),
(3017, 137, '2019032500202470', 1, '2021-06-05 11:05:00'),
(3018, 137, '2019032500202700', 1, '2021-06-05 11:05:00'),
(3019, 137, '2019032500202730', 1, '2021-06-05 11:05:00'),
(3020, 137, '2019032500202560', 1, '2021-06-05 11:05:00'),
(3021, 137, '2019032500202640', 1, '2021-06-05 11:05:00'),
(3022, 137, '2019032500202180', 1, '2021-06-05 11:05:00'),
(3023, 137, '2019032500202400', 1, '2021-06-05 11:05:00'),
(3024, 137, '2019032500202590', 1, '2021-06-05 11:05:00'),
(3025, 137, '2019032500202440', 1, '2021-06-05 11:05:00'),
(3026, 137, '2019032500202270', 1, '2021-06-05 11:05:00'),
(3027, 137, '2019032500202190', 1, '2021-06-05 11:05:00'),
(3028, 137, '2019032500202720', 1, '2021-06-05 11:05:00'),
(3029, 137, '2019032500202330', 1, '2021-06-05 11:05:00'),
(3030, 137, '2019032500202530', 1, '2021-06-05 11:05:00'),
(3031, 137, '2019032500202100', 1, '2021-06-05 11:05:00'),
(3032, 137, '2019032500202480', 1, '2021-06-05 11:05:00'),
(3033, 137, '2019032500202580', 1, '2021-06-05 11:05:00'),
(3034, 137, '2019032500202250', 1, '2021-06-05 11:05:00'),
(3035, 137, '2019032500202610', 1, '2021-06-05 11:05:00'),
(3036, 137, '2018032500246970', 1, '2021-06-05 11:05:00'),
(3037, 137, '2016032500221080', 1, '2021-06-05 11:05:00'),
(3038, 137, '2018032500247010', 1, '2021-06-05 11:05:00'),
(3039, 137, '2018032500246960', 1, '2021-06-05 11:05:00'),
(3040, 137, '2016032500220230', 1, '2021-06-05 11:05:00'),
(3041, 137, '2018032500246990', 1, '2021-06-05 11:05:00'),
(3042, 137, '2019032500202240', 1, '2021-06-07 12:45:00'),
(3043, 137, '2019032500202450', 0, '2021-06-07 12:45:00'),
(3044, 137, '2019032500202420', 1, '2021-06-07 12:45:00'),
(3045, 137, '2019032500202310', 1, '2021-06-07 12:45:00'),
(3046, 137, '2019032500202110', 1, '2021-06-07 12:45:00'),
(3047, 137, '2019032500202430', 1, '2021-06-07 12:45:00'),
(3048, 137, '2019032500202380', 1, '2021-06-07 12:45:00'),
(3049, 137, '2019032500202340', 1, '2021-06-07 12:45:00'),
(3050, 137, '2019032500202660', 0, '2021-06-07 12:45:00'),
(3051, 137, '2019032500202260', 1, '2021-06-07 12:45:00'),
(3052, 137, '2019032500202570', 1, '2021-06-07 12:45:00'),
(3053, 137, '2019032500202370', 1, '2021-06-07 12:45:00'),
(3054, 137, '2019032500202080', 1, '2021-06-07 12:45:00'),
(3055, 137, '2019032500202630', 1, '2021-06-07 12:45:00'),
(3056, 137, '2019032500202410', 1, '2021-06-07 12:45:00'),
(3057, 137, '2019032500202320', 0, '2021-06-07 12:45:00'),
(3058, 137, '2019032500202220', 1, '2021-06-07 12:45:00'),
(3059, 137, '2019032500202690', 1, '2021-06-07 12:45:00'),
(3060, 137, '2019032500202200', 1, '2021-06-07 12:45:00'),
(3061, 137, '2019032500202390', 1, '2021-06-07 12:45:00'),
(3062, 137, '2019032500202710', 1, '2021-06-07 12:45:00'),
(3063, 137, '2019032500202680', 1, '2021-06-07 12:45:00'),
(3064, 137, '2019032500202290', 1, '2021-06-07 12:45:00'),
(3065, 137, '2019032500202360', 1, '2021-06-07 12:45:00'),
(3066, 137, '2019032500202300', 1, '2021-06-07 12:45:00'),
(3067, 137, '2019032500202140', 1, '2021-06-07 12:45:00'),
(3068, 137, '2019032500202600', 1, '2021-06-07 12:45:00'),
(3069, 137, '2019032500202130', 1, '2021-06-07 12:45:00'),
(3070, 137, '2019032500202150', 1, '2021-06-07 12:45:00'),
(3071, 137, '2019032500202670', 1, '2021-06-07 12:45:00'),
(3072, 137, '2019032500202550', 1, '2021-06-07 12:45:00'),
(3073, 137, '2019032500202230', 1, '2021-06-07 12:45:00'),
(3074, 137, '2019032500202460', 1, '2021-06-07 12:45:00'),
(3075, 137, '2019032500202090', 1, '2021-06-07 12:45:00'),
(3076, 137, '2019032500202210', 1, '2021-06-07 12:45:00'),
(3077, 137, '2019032500202350', 1, '2021-06-07 12:45:00'),
(3078, 137, '2019032500202540', 1, '2021-06-07 12:45:00'),
(3079, 137, '2019032500202120', 1, '2021-06-07 12:45:00'),
(3080, 137, '2019032500202170', 1, '2021-06-07 12:45:00'),
(3081, 137, '2019032500202470', 1, '2021-06-07 12:45:00'),
(3082, 137, '2019032500202700', 1, '2021-06-07 12:45:00'),
(3083, 137, '2019032500202730', 1, '2021-06-07 12:45:00'),
(3084, 137, '2019032500202560', 1, '2021-06-07 12:45:00'),
(3085, 137, '2019032500202640', 1, '2021-06-07 12:45:00'),
(3086, 137, '2019032500202180', 1, '2021-06-07 12:45:00'),
(3087, 137, '2019032500202400', 1, '2021-06-07 12:45:00'),
(3088, 137, '2019032500202590', 1, '2021-06-07 12:45:00'),
(3089, 137, '2019032500202440', 1, '2021-06-07 12:45:00'),
(3090, 137, '2019032500202270', 1, '2021-06-07 12:45:00'),
(3091, 137, '2019032500202190', 1, '2021-06-07 12:45:00'),
(3092, 137, '2019032500202720', 1, '2021-06-07 12:45:00'),
(3093, 137, '2019032500202330', 1, '2021-06-07 12:45:00'),
(3094, 137, '2019032500202530', 1, '2021-06-07 12:45:00'),
(3095, 137, '2019032500202100', 1, '2021-06-07 12:45:00'),
(3096, 137, '2019032500202480', 1, '2021-06-07 12:45:00'),
(3097, 137, '2019032500202580', 1, '2021-06-07 12:45:00'),
(3098, 137, '2019032500202250', 1, '2021-06-07 12:45:00'),
(3099, 137, '2019032500202610', 1, '2021-06-07 12:45:00'),
(3100, 137, '2018032500246970', 1, '2021-06-07 12:45:00'),
(3101, 137, '2016032500221080', 1, '2021-06-07 12:45:00'),
(3102, 137, '2018032500247010', 1, '2021-06-07 12:45:00'),
(3103, 137, '2018032500246960', 1, '2021-06-07 12:45:00'),
(3104, 137, '2016032500220230', 1, '2021-06-07 12:45:00'),
(3105, 137, '2018032500246990', 1, '2021-06-07 12:45:00'),
(3106, 137, '2019032500202240', 0, '2021-06-01 12:48:00'),
(3107, 137, '2019032500202450', 0, '2021-06-01 12:48:00'),
(3108, 137, '2019032500202420', 0, '2021-06-01 12:48:00'),
(3109, 137, '2019032500202310', 0, '2021-06-01 12:48:00'),
(3110, 137, '2019032500202110', 0, '2021-06-01 12:48:00'),
(3111, 137, '2019032500202430', 1, '2021-06-01 12:48:00'),
(3112, 137, '2019032500202380', 1, '2021-06-01 12:48:00'),
(3113, 137, '2019032500202340', 1, '2021-06-01 12:48:00'),
(3114, 137, '2019032500202660', 1, '2021-06-01 12:48:00'),
(3115, 137, '2019032500202260', 1, '2021-06-01 12:48:00'),
(3116, 137, '2019032500202570', 1, '2021-06-01 12:48:00'),
(3117, 137, '2019032500202370', 1, '2021-06-01 12:48:00'),
(3118, 137, '2019032500202080', 1, '2021-06-01 12:48:00'),
(3119, 137, '2019032500202630', 1, '2021-06-01 12:48:00'),
(3120, 137, '2019032500202410', 1, '2021-06-01 12:48:00'),
(3121, 137, '2019032500202320', 1, '2021-06-01 12:48:00'),
(3122, 137, '2019032500202220', 1, '2021-06-01 12:48:00'),
(3123, 137, '2019032500202690', 1, '2021-06-01 12:48:00'),
(3124, 137, '2019032500202200', 1, '2021-06-01 12:48:00'),
(3125, 137, '2019032500202390', 1, '2021-06-01 12:48:00'),
(3126, 137, '2019032500202710', 1, '2021-06-01 12:48:00'),
(3127, 137, '2019032500202680', 1, '2021-06-01 12:48:00'),
(3128, 137, '2019032500202290', 1, '2021-06-01 12:48:00'),
(3129, 137, '2019032500202360', 1, '2021-06-01 12:48:00'),
(3130, 137, '2019032500202300', 1, '2021-06-01 12:48:00'),
(3131, 137, '2019032500202140', 1, '2021-06-01 12:48:00'),
(3132, 137, '2019032500202600', 1, '2021-06-01 12:48:00'),
(3133, 137, '2019032500202130', 1, '2021-06-01 12:48:00'),
(3134, 137, '2019032500202150', 1, '2021-06-01 12:48:00'),
(3135, 137, '2019032500202670', 1, '2021-06-01 12:48:00'),
(3136, 137, '2019032500202550', 1, '2021-06-01 12:48:00'),
(3137, 137, '2019032500202230', 1, '2021-06-01 12:48:00'),
(3138, 137, '2019032500202460', 1, '2021-06-01 12:48:00'),
(3139, 137, '2019032500202090', 1, '2021-06-01 12:48:00'),
(3140, 137, '2019032500202210', 1, '2021-06-01 12:48:00'),
(3141, 137, '2019032500202350', 1, '2021-06-01 12:48:00'),
(3142, 137, '2019032500202540', 1, '2021-06-01 12:48:00'),
(3143, 137, '2019032500202120', 1, '2021-06-01 12:48:00'),
(3144, 137, '2019032500202170', 1, '2021-06-01 12:48:00'),
(3145, 137, '2019032500202470', 1, '2021-06-01 12:48:00'),
(3146, 137, '2019032500202700', 1, '2021-06-01 12:48:00'),
(3147, 137, '2019032500202730', 1, '2021-06-01 12:48:00'),
(3148, 137, '2019032500202560', 1, '2021-06-01 12:48:00'),
(3149, 137, '2019032500202640', 1, '2021-06-01 12:48:00'),
(3150, 137, '2019032500202180', 1, '2021-06-01 12:48:00'),
(3151, 137, '2019032500202400', 1, '2021-06-01 12:48:00'),
(3152, 137, '2019032500202590', 1, '2021-06-01 12:48:00'),
(3153, 137, '2019032500202440', 1, '2021-06-01 12:48:00'),
(3154, 137, '2019032500202270', 1, '2021-06-01 12:48:00'),
(3155, 137, '2019032500202190', 1, '2021-06-01 12:48:00'),
(3156, 137, '2019032500202720', 1, '2021-06-01 12:48:00'),
(3157, 137, '2019032500202330', 1, '2021-06-01 12:48:00'),
(3158, 137, '2019032500202530', 1, '2021-06-01 12:48:00'),
(3159, 137, '2019032500202100', 1, '2021-06-01 12:48:00'),
(3160, 137, '2019032500202480', 1, '2021-06-01 12:48:00'),
(3161, 137, '2019032500202580', 1, '2021-06-01 12:48:00'),
(3162, 137, '2019032500202250', 1, '2021-06-01 12:48:00'),
(3163, 137, '2019032500202610', 1, '2021-06-01 12:48:00'),
(3164, 137, '2018032500246970', 1, '2021-06-01 12:48:00'),
(3165, 137, '2016032500221080', 1, '2021-06-01 12:48:00'),
(3166, 137, '2018032500247010', 1, '2021-06-01 12:48:00'),
(3167, 137, '2018032500246960', 1, '2021-06-01 12:48:00'),
(3168, 137, '2016032500220230', 1, '2021-06-01 12:48:00'),
(3169, 137, '2018032500246990', 1, '2021-06-01 12:48:00'),
(3170, 137, '2019032500202240', 0, '2021-05-31 12:51:00'),
(3171, 137, '2019032500202450', 1, '2021-05-31 12:51:00'),
(3172, 137, '2019032500202420', 1, '2021-05-31 12:51:00'),
(3173, 137, '2019032500202310', 1, '2021-05-31 12:51:00'),
(3174, 137, '2019032500202110', 1, '2021-05-31 12:51:00'),
(3175, 137, '2019032500202430', 1, '2021-05-31 12:51:00'),
(3176, 137, '2019032500202380', 1, '2021-05-31 12:51:00'),
(3177, 137, '2019032500202340', 0, '2021-05-31 12:51:00'),
(3178, 137, '2019032500202660', 1, '2021-05-31 12:51:00'),
(3179, 137, '2019032500202260', 1, '2021-05-31 12:51:00'),
(3180, 137, '2019032500202570', 1, '2021-05-31 12:51:00'),
(3181, 137, '2019032500202370', 1, '2021-05-31 12:51:00'),
(3182, 137, '2019032500202080', 1, '2021-05-31 12:51:00'),
(3183, 137, '2019032500202630', 1, '2021-05-31 12:51:00'),
(3184, 137, '2019032500202410', 0, '2021-05-31 12:51:00'),
(3185, 137, '2019032500202320', 1, '2021-05-31 12:51:00'),
(3186, 137, '2019032500202220', 1, '2021-05-31 12:51:00'),
(3187, 137, '2019032500202690', 1, '2021-05-31 12:51:00'),
(3188, 137, '2019032500202200', 1, '2021-05-31 12:51:00'),
(3189, 137, '2019032500202390', 1, '2021-05-31 12:51:00'),
(3190, 137, '2019032500202710', 1, '2021-05-31 12:51:00'),
(3191, 137, '2019032500202680', 1, '2021-05-31 12:51:00'),
(3192, 137, '2019032500202290', 1, '2021-05-31 12:51:00'),
(3193, 137, '2019032500202360', 1, '2021-05-31 12:51:00'),
(3194, 137, '2019032500202300', 1, '2021-05-31 12:51:00'),
(3195, 137, '2019032500202140', 1, '2021-05-31 12:51:00'),
(3196, 137, '2019032500202600', 1, '2021-05-31 12:51:00'),
(3197, 137, '2019032500202130', 1, '2021-05-31 12:51:00'),
(3198, 137, '2019032500202150', 1, '2021-05-31 12:51:00'),
(3199, 137, '2019032500202670', 1, '2021-05-31 12:51:00'),
(3200, 137, '2019032500202550', 1, '2021-05-31 12:51:00'),
(3201, 137, '2019032500202230', 1, '2021-05-31 12:51:00'),
(3202, 137, '2019032500202460', 1, '2021-05-31 12:51:00'),
(3203, 137, '2019032500202090', 1, '2021-05-31 12:51:00'),
(3204, 137, '2019032500202210', 1, '2021-05-31 12:51:00'),
(3205, 137, '2019032500202350', 1, '2021-05-31 12:51:00'),
(3206, 137, '2019032500202540', 1, '2021-05-31 12:51:00'),
(3207, 137, '2019032500202120', 1, '2021-05-31 12:51:00'),
(3208, 137, '2019032500202170', 1, '2021-05-31 12:51:00'),
(3209, 137, '2019032500202470', 1, '2021-05-31 12:51:00'),
(3210, 137, '2019032500202700', 1, '2021-05-31 12:51:00'),
(3211, 137, '2019032500202730', 1, '2021-05-31 12:51:00'),
(3212, 137, '2019032500202560', 1, '2021-05-31 12:51:00'),
(3213, 137, '2019032500202640', 1, '2021-05-31 12:51:00'),
(3214, 137, '2019032500202180', 1, '2021-05-31 12:51:00'),
(3215, 137, '2019032500202400', 1, '2021-05-31 12:51:00'),
(3216, 137, '2019032500202590', 1, '2021-05-31 12:51:00'),
(3217, 137, '2019032500202440', 1, '2021-05-31 12:51:00'),
(3218, 137, '2019032500202270', 1, '2021-05-31 12:51:00'),
(3219, 137, '2019032500202190', 1, '2021-05-31 12:51:00'),
(3220, 137, '2019032500202720', 1, '2021-05-31 12:51:00'),
(3221, 137, '2019032500202330', 1, '2021-05-31 12:51:00'),
(3222, 137, '2019032500202530', 1, '2021-05-31 12:51:00'),
(3223, 137, '2019032500202100', 1, '2021-05-31 12:51:00'),
(3224, 137, '2019032500202480', 1, '2021-05-31 12:51:00'),
(3225, 137, '2019032500202580', 1, '2021-05-31 12:51:00'),
(3226, 137, '2019032500202250', 1, '2021-05-31 12:51:00'),
(3227, 137, '2019032500202610', 1, '2021-05-31 12:51:00'),
(3228, 137, '2018032500246970', 1, '2021-05-31 12:51:00'),
(3229, 137, '2016032500221080', 1, '2021-05-31 12:51:00'),
(3230, 137, '2018032500247010', 1, '2021-05-31 12:51:00'),
(3231, 137, '2018032500246960', 1, '2021-05-31 12:51:00'),
(3232, 137, '2016032500220230', 1, '2021-05-31 12:51:00'),
(3233, 137, '2018032500246990', 1, '2021-05-31 12:51:00'),
(3362, 128, '2019032500202240', 0, '2021-06-07 21:17:00'),
(3363, 128, '2019032500202450', 0, '2021-06-07 21:17:00'),
(3364, 128, '2019032500202420', 0, '2021-06-07 21:17:00'),
(3365, 128, '2019032500202310', 0, '2021-06-07 21:17:00'),
(3366, 128, '2019032500202110', 1, '2021-06-07 21:17:00'),
(3367, 128, '2019032500202430', 1, '2021-06-07 21:17:00'),
(3368, 128, '2019032500202380', 1, '2021-06-07 21:17:00'),
(3369, 128, '2019032500202340', 1, '2021-06-07 21:17:00'),
(3370, 128, '2019032500202660', 1, '2021-06-07 21:17:00'),
(3371, 128, '2019032500202260', 0, '2021-06-07 21:17:00'),
(3372, 128, '2019032500202570', 0, '2021-06-07 21:17:00'),
(3373, 128, '2019032500202370', 0, '2021-06-07 21:17:00'),
(3374, 128, '2019032500202080', 1, '2021-06-07 21:17:00'),
(3375, 128, '2019032500202630', 0, '2021-06-07 21:17:00'),
(3376, 128, '2019032500202410', 0, '2021-06-07 21:17:00'),
(3377, 128, '2019032500202320', 0, '2021-06-07 21:17:00'),
(3378, 128, '2019032500202220', 0, '2021-06-07 21:17:00'),
(3379, 128, '2019032500202690', 0, '2021-06-07 21:17:00'),
(3380, 128, '2019032500202200', 1, '2021-06-07 21:17:00'),
(3381, 128, '2019032500202390', 0, '2021-06-07 21:17:00'),
(3382, 128, '2019032500202710', 0, '2021-06-07 21:17:00'),
(3383, 128, '2019032500202680', 1, '2021-06-07 21:17:00'),
(3384, 128, '2019032500202290', 0, '2021-06-07 21:17:00'),
(3385, 128, '2019032500202360', 1, '2021-06-07 21:17:00'),
(3386, 128, '2019032500202300', 1, '2021-06-07 21:17:00'),
(3387, 128, '2019032500202140', 0, '2021-06-07 21:17:00'),
(3388, 128, '2019032500202600', 0, '2021-06-07 21:17:00'),
(3389, 128, '2019032500202130', 1, '2021-06-07 21:17:00'),
(3390, 128, '2019032500202150', 0, '2021-06-07 21:17:00'),
(3391, 128, '2019032500202670', 1, '2021-06-07 21:17:00'),
(3392, 128, '2019032500202550', 1, '2021-06-07 21:17:00'),
(3393, 128, '2019032500202230', 1, '2021-06-07 21:17:00'),
(3394, 128, '2019032500202460', 1, '2021-06-07 21:17:00'),
(3395, 128, '2019032500202090', 1, '2021-06-07 21:17:00'),
(3396, 128, '2019032500202210', 1, '2021-06-07 21:17:00'),
(3397, 128, '2019032500202350', 1, '2021-06-07 21:17:00'),
(3398, 128, '2019032500202540', 1, '2021-06-07 21:17:00'),
(3399, 128, '2019032500202120', 1, '2021-06-07 21:17:00'),
(3400, 128, '2019032500202170', 0, '2021-06-07 21:17:00'),
(3401, 128, '2019032500202470', 0, '2021-06-07 21:17:00'),
(3402, 128, '2019032500202700', 0, '2021-06-07 21:17:00'),
(3403, 128, '2019032500202730', 1, '2021-06-07 21:17:00'),
(3404, 128, '2019032500202560', 1, '2021-06-07 21:17:00'),
(3405, 128, '2019032500202640', 1, '2021-06-07 21:17:00'),
(3406, 128, '2019032500202180', 0, '2021-06-07 21:17:00'),
(3407, 128, '2019032500202400', 1, '2021-06-07 21:17:00'),
(3408, 128, '2019032500202590', 0, '2021-06-07 21:17:00'),
(3409, 128, '2019032500202440', 1, '2021-06-07 21:17:00'),
(3410, 128, '2019032500202270', 1, '2021-06-07 21:17:00'),
(3411, 128, '2019032500202190', 1, '2021-06-07 21:17:00'),
(3412, 128, '2019032500202720', 0, '2021-06-07 21:17:00'),
(3413, 128, '2019032500202330', 0, '2021-06-07 21:17:00'),
(3414, 128, '2019032500202530', 0, '2021-06-07 21:17:00'),
(3415, 128, '2019032500202100', 1, '2021-06-07 21:17:00'),
(3416, 128, '2019032500202480', 1, '2021-06-07 21:17:00'),
(3417, 128, '2019032500202580', 1, '2021-06-07 21:17:00'),
(3418, 128, '2019032500202250', 0, '2021-06-07 21:17:00'),
(3419, 128, '2019032500202610', 1, '2021-06-07 21:17:00'),
(3420, 128, '2018032500246970', 1, '2021-06-07 21:17:00'),
(3421, 128, '2016032500221080', 1, '2021-06-07 21:17:00'),
(3422, 128, '2018032500247010', 1, '2021-06-07 21:17:00'),
(3423, 128, '2018032500246960', 0, '2021-06-07 21:17:00'),
(3424, 128, '2016032500220230', 1, '2021-06-07 21:17:00'),
(3425, 128, '2018032500246990', 1, '2021-06-07 21:17:00'),
(3426, 128, '2019032500202240', 1, '2021-06-01 17:01:00'),
(3427, 128, '2019032500202450', 1, '2021-06-01 17:01:00'),
(3428, 128, '2019032500202420', 1, '2021-06-01 17:01:00'),
(3429, 128, '2019032500202310', 1, '2021-06-01 17:01:00'),
(3430, 128, '2019032500202110', 1, '2021-06-01 17:01:00'),
(3431, 128, '2019032500202430', 1, '2021-06-01 17:01:00'),
(3432, 128, '2019032500202380', 1, '2021-06-01 17:01:00'),
(3433, 128, '2019032500202340', 1, '2021-06-01 17:01:00'),
(3434, 128, '2019032500202660', 0, '2021-06-01 17:01:00'),
(3435, 128, '2019032500202260', 0, '2021-06-01 17:01:00'),
(3436, 128, '2019032500202570', 0, '2021-06-01 17:01:00'),
(3437, 128, '2019032500202370', 1, '2021-06-01 17:01:00'),
(3438, 128, '2019032500202080', 1, '2021-06-01 17:01:00'),
(3439, 128, '2019032500202630', 1, '2021-06-01 17:01:00'),
(3440, 128, '2019032500202410', 1, '2021-06-01 17:01:00'),
(3441, 128, '2019032500202320', 1, '2021-06-01 17:01:00'),
(3442, 128, '2019032500202220', 1, '2021-06-01 17:01:00'),
(3443, 128, '2019032500202690', 1, '2021-06-01 17:01:00'),
(3444, 128, '2019032500202200', 1, '2021-06-01 17:01:00'),
(3445, 128, '2019032500202390', 1, '2021-06-01 17:01:00'),
(3446, 128, '2019032500202710', 1, '2021-06-01 17:01:00'),
(3447, 128, '2019032500202680', 1, '2021-06-01 17:01:00'),
(3448, 128, '2019032500202290', 1, '2021-06-01 17:01:00'),
(3449, 128, '2019032500202360', 1, '2021-06-01 17:01:00'),
(3450, 128, '2019032500202300', 1, '2021-06-01 17:01:00'),
(3451, 128, '2019032500202140', 1, '2021-06-01 17:01:00'),
(3452, 128, '2019032500202600', 1, '2021-06-01 17:01:00'),
(3453, 128, '2019032500202130', 1, '2021-06-01 17:01:00'),
(3454, 128, '2019032500202150', 1, '2021-06-01 17:01:00'),
(3455, 128, '2019032500202670', 1, '2021-06-01 17:01:00'),
(3456, 128, '2019032500202550', 1, '2021-06-01 17:01:00'),
(3457, 128, '2019032500202230', 1, '2021-06-01 17:01:00'),
(3458, 128, '2019032500202460', 1, '2021-06-01 17:01:00'),
(3459, 128, '2019032500202090', 1, '2021-06-01 17:01:00'),
(3460, 128, '2019032500202210', 1, '2021-06-01 17:01:00'),
(3461, 128, '2019032500202350', 1, '2021-06-01 17:01:00'),
(3462, 128, '2019032500202540', 1, '2021-06-01 17:01:00'),
(3463, 128, '2019032500202120', 1, '2021-06-01 17:01:00'),
(3464, 128, '2019032500202170', 1, '2021-06-01 17:01:00'),
(3465, 128, '2019032500202470', 1, '2021-06-01 17:01:00'),
(3466, 128, '2019032500202700', 1, '2021-06-01 17:01:00'),
(3467, 128, '2019032500202730', 1, '2021-06-01 17:01:00'),
(3468, 128, '2019032500202560', 1, '2021-06-01 17:01:00'),
(3469, 128, '2019032500202640', 1, '2021-06-01 17:01:00'),
(3470, 128, '2019032500202180', 1, '2021-06-01 17:01:00'),
(3471, 128, '2019032500202400', 1, '2021-06-01 17:01:00'),
(3472, 128, '2019032500202590', 1, '2021-06-01 17:01:00'),
(3473, 128, '2019032500202440', 1, '2021-06-01 17:01:00'),
(3474, 128, '2019032500202270', 1, '2021-06-01 17:01:00'),
(3475, 128, '2019032500202190', 1, '2021-06-01 17:01:00'),
(3476, 128, '2019032500202720', 1, '2021-06-01 17:01:00'),
(3477, 128, '2019032500202330', 1, '2021-06-01 17:01:00'),
(3478, 128, '2019032500202530', 1, '2021-06-01 17:01:00'),
(3479, 128, '2019032500202100', 1, '2021-06-01 17:01:00'),
(3480, 128, '2019032500202480', 1, '2021-06-01 17:01:00'),
(3481, 128, '2019032500202580', 1, '2021-06-01 17:01:00'),
(3482, 128, '2019032500202250', 1, '2021-06-01 17:01:00'),
(3483, 128, '2019032500202610', 1, '2021-06-01 17:01:00'),
(3484, 128, '2018032500246970', 1, '2021-06-01 17:01:00'),
(3485, 128, '2016032500221080', 1, '2021-06-01 17:01:00'),
(3486, 128, '2018032500247010', 1, '2021-06-01 17:01:00'),
(3487, 128, '2018032500246960', 1, '2021-06-01 17:01:00'),
(3488, 128, '2016032500220230', 1, '2021-06-01 17:01:00'),
(3489, 128, '2018032500246990', 1, '2021-06-01 17:01:00'),
(3490, 143, '2019032500202240', 1, '2021-06-09 01:12:00'),
(3491, 143, '2019032500202450', 0, '2021-06-09 01:12:00'),
(3492, 143, '2019032500202420', 0, '2021-06-09 01:12:00'),
(3493, 143, '2019032500202310', 1, '2021-06-09 01:12:00'),
(3494, 143, '2019032500202110', 1, '2021-06-09 01:12:00'),
(3495, 143, '2019032500202430', 1, '2021-06-09 01:12:00'),
(3496, 143, '2019032500202380', 1, '2021-06-09 01:12:00'),
(3497, 143, '2019032500202340', 0, '2021-06-09 01:12:00'),
(3498, 143, '2019032500202660', 0, '2021-06-09 01:12:00'),
(3499, 143, '2019032500202260', 1, '2021-06-09 01:12:00'),
(3500, 143, '2019032500202570', 1, '2021-06-09 01:12:00'),
(3501, 143, '2019032500202370', 1, '2021-06-09 01:12:00'),
(3502, 143, '2019032500202080', 1, '2021-06-09 01:12:00'),
(3503, 143, '2019032500202630', 0, '2021-06-09 01:12:00'),
(3504, 143, '2019032500202410', 0, '2021-06-09 01:12:00'),
(3505, 143, '2019032500202320', 1, '2021-06-09 01:12:00'),
(3506, 143, '2019032500202220', 1, '2021-06-09 01:12:00'),
(3507, 143, '2019032500202690', 1, '2021-06-09 01:12:00'),
(3508, 143, '2019032500202200', 1, '2021-06-09 01:12:00'),
(3509, 143, '2019032500202390', 1, '2021-06-09 01:12:00'),
(3510, 143, '2019032500202710', 1, '2021-06-09 01:12:00'),
(3511, 143, '2019032500202680', 0, '2021-06-09 01:12:00'),
(3512, 143, '2019032500202290', 1, '2021-06-09 01:12:00'),
(3513, 143, '2019032500202360', 1, '2021-06-09 01:12:00'),
(3514, 143, '2019032500202300', 1, '2021-06-09 01:12:00'),
(3515, 143, '2019032500202140', 1, '2021-06-09 01:12:00'),
(3516, 143, '2019032500202600', 0, '2021-06-09 01:12:00'),
(3517, 143, '2019032500202130', 1, '2021-06-09 01:12:00'),
(3518, 143, '2019032500202150', 1, '2021-06-09 01:12:00'),
(3519, 143, '2019032500202670', 1, '2021-06-09 01:12:00'),
(3520, 143, '2019032500202550', 1, '2021-06-09 01:12:00'),
(3521, 143, '2019032500202230', 1, '2021-06-09 01:12:00'),
(3522, 143, '2019032500202460', 1, '2021-06-09 01:12:00'),
(3523, 143, '2019032500202090', 1, '2021-06-09 01:12:00'),
(3524, 143, '2019032500202210', 1, '2021-06-09 01:12:00'),
(3525, 143, '2019032500202350', 1, '2021-06-09 01:12:00'),
(3526, 143, '2019032500202540', 1, '2021-06-09 01:12:00'),
(3527, 143, '2019032500202120', 1, '2021-06-09 01:12:00'),
(3528, 143, '2019032500202170', 1, '2021-06-09 01:12:00'),
(3529, 143, '2019032500202470', 1, '2021-06-09 01:12:00'),
(3530, 143, '2019032500202700', 1, '2021-06-09 01:12:00'),
(3531, 143, '2019032500202730', 1, '2021-06-09 01:12:00'),
(3532, 143, '2019032500202560', 1, '2021-06-09 01:12:00'),
(3533, 143, '2019032500202640', 1, '2021-06-09 01:12:00'),
(3534, 143, '2019032500202180', 1, '2021-06-09 01:12:00'),
(3535, 143, '2019032500202400', 1, '2021-06-09 01:12:00'),
(3536, 143, '2019032500202590', 1, '2021-06-09 01:12:00'),
(3537, 143, '2019032500202440', 1, '2021-06-09 01:12:00'),
(3538, 143, '2019032500202270', 1, '2021-06-09 01:12:00'),
(3539, 143, '2019032500202190', 1, '2021-06-09 01:12:00'),
(3540, 143, '2019032500202720', 1, '2021-06-09 01:12:00'),
(3541, 143, '2019032500202330', 1, '2021-06-09 01:12:00'),
(3542, 143, '2019032500202530', 1, '2021-06-09 01:12:00'),
(3543, 143, '2019032500202100', 1, '2021-06-09 01:12:00'),
(3544, 143, '2019032500202480', 1, '2021-06-09 01:12:00'),
(3545, 143, '2019032500202580', 1, '2021-06-09 01:12:00'),
(3546, 143, '2019032500202250', 1, '2021-06-09 01:12:00'),
(3547, 143, '2019032500202610', 1, '2021-06-09 01:12:00'),
(3548, 143, '2018032500246970', 1, '2021-06-09 01:12:00'),
(3549, 143, '2016032500221080', 1, '2021-06-09 01:12:00'),
(3550, 143, '2018032500247010', 1, '2021-06-09 01:12:00'),
(3551, 143, '2018032500246960', 1, '2021-06-09 01:12:00'),
(3552, 143, '2016032500220230', 1, '2021-06-09 01:12:00'),
(3553, 143, '2018032500246990', 1, '2021-06-09 01:12:00'),
(3555, 137, '2019032500202240', 0, '2021-06-11 11:04:00'),
(3556, 137, '2019032500202450', 0, '2021-06-11 11:04:00'),
(3557, 137, '2019032500202420', 0, '2021-06-11 11:04:00'),
(3558, 137, '2019032500202310', 1, '2021-06-11 11:04:00'),
(3559, 137, '2019032500202110', 1, '2021-06-11 11:04:00'),
(3560, 137, '2019032500202430', 1, '2021-06-11 11:04:00'),
(3561, 137, '2019032500202380', 1, '2021-06-11 11:04:00'),
(3562, 137, '2019032500202340', 0, '2021-06-11 11:04:00'),
(3563, 137, '2019032500202660', 1, '2021-06-11 11:04:00'),
(3564, 137, '2019032500202260', 1, '2021-06-11 11:04:00'),
(3565, 137, '2019032500202570', 1, '2021-06-11 11:04:00'),
(3566, 137, '2019032500202370', 1, '2021-06-11 11:04:00'),
(3567, 137, '2019032500202080', 1, '2021-06-11 11:04:00'),
(3568, 137, '2019032500202630', 0, '2021-06-11 11:04:00'),
(3569, 137, '2019032500202410', 1, '2021-06-11 11:04:00'),
(3570, 137, '2019032500202320', 1, '2021-06-11 11:04:00'),
(3571, 137, '2019032500202220', 1, '2021-06-11 11:04:00'),
(3572, 137, '2019032500202690', 1, '2021-06-11 11:04:00'),
(3573, 137, '2019032500202200', 1, '2021-06-11 11:04:00'),
(3574, 137, '2019032500202390', 1, '2021-06-11 11:04:00'),
(3575, 137, '2019032500202710', 1, '2021-06-11 11:04:00'),
(3576, 137, '2019032500202680', 1, '2021-06-11 11:04:00'),
(3577, 137, '2019032500202290', 1, '2021-06-11 11:04:00'),
(3578, 137, '2019032500202360', 1, '2021-06-11 11:04:00'),
(3579, 137, '2019032500202300', 1, '2021-06-11 11:04:00'),
(3580, 137, '2019032500202140', 1, '2021-06-11 11:04:00'),
(3581, 137, '2019032500202600', 1, '2021-06-11 11:04:00'),
(3582, 137, '2019032500202130', 1, '2021-06-11 11:04:00'),
(3583, 137, '2019032500202150', 1, '2021-06-11 11:04:00'),
(3584, 137, '2019032500202670', 1, '2021-06-11 11:04:00'),
(3585, 137, '2019032500202550', 1, '2021-06-11 11:04:00'),
(3586, 137, '2019032500202230', 1, '2021-06-11 11:04:00'),
(3587, 137, '2019032500202460', 1, '2021-06-11 11:04:00'),
(3588, 137, '2019032500202090', 1, '2021-06-11 11:04:00'),
(3589, 137, '2019032500202210', 1, '2021-06-11 11:04:00'),
(3590, 137, '2019032500202350', 1, '2021-06-11 11:04:00'),
(3591, 137, '2019032500202540', 1, '2021-06-11 11:04:00'),
(3592, 137, '2019032500202120', 1, '2021-06-11 11:04:00'),
(3593, 137, '2019032500202170', 1, '2021-06-11 11:04:00'),
(3594, 137, '2019032500202470', 1, '2021-06-11 11:04:00'),
(3595, 137, '2019032500202700', 1, '2021-06-11 11:04:00'),
(3596, 137, '2019032500202730', 1, '2021-06-11 11:04:00'),
(3597, 137, '2019032500202560', 1, '2021-06-11 11:04:00'),
(3598, 137, '2019032500202640', 1, '2021-06-11 11:04:00'),
(3599, 137, '2019032500202180', 1, '2021-06-11 11:04:00'),
(3600, 137, '2019032500202400', 1, '2021-06-11 11:04:00'),
(3601, 137, '2019032500202590', 1, '2021-06-11 11:04:00'),
(3602, 137, '2019032500202440', 1, '2021-06-11 11:04:00'),
(3603, 137, '2019032500202270', 1, '2021-06-11 11:04:00'),
(3604, 137, '2019032500202190', 1, '2021-06-11 11:04:00'),
(3605, 137, '2019032500202720', 1, '2021-06-11 11:04:00'),
(3606, 137, '2019032500202330', 1, '2021-06-11 11:04:00'),
(3607, 137, '2019032500202530', 1, '2021-06-11 11:04:00'),
(3608, 137, '2019032500202100', 1, '2021-06-11 11:04:00'),
(3609, 137, '2019032500202480', 1, '2021-06-11 11:04:00'),
(3610, 137, '2019032500202580', 1, '2021-06-11 11:04:00'),
(3611, 137, '2019032500202250', 1, '2021-06-11 11:04:00'),
(3612, 137, '2019032500202610', 1, '2021-06-11 11:04:00'),
(3613, 137, '2018032500246970', 1, '2021-06-11 11:04:00'),
(3614, 137, '2016032500221080', 1, '2021-06-11 11:04:00'),
(3615, 137, '2018032500247010', 1, '2021-06-11 11:04:00'),
(3616, 137, '2018032500246960', 1, '2021-06-11 11:04:00'),
(3617, 137, '2016032500220230', 1, '2021-06-11 11:04:00'),
(3618, 137, '2018032500246990', 1, '2021-06-11 11:04:00'),
(3620, 142, '2019032500202240', 0, '2021-06-11 11:29:00'),
(3621, 142, '2019032500202450', 1, '2021-06-11 11:29:00'),
(3622, 142, '2019032500202420', 1, '2021-06-11 11:29:00'),
(3623, 142, '2019032500202310', 1, '2021-06-11 11:29:00'),
(3624, 142, '2019032500202110', 1, '2021-06-11 11:29:00'),
(3625, 142, '2019032500202430', 1, '2021-06-11 11:29:00'),
(3626, 142, '2019032500202380', 0, '2021-06-11 11:29:00'),
(3627, 142, '2019032500202340', 0, '2021-06-11 11:29:00'),
(3628, 142, '2019032500202660', 1, '2021-06-11 11:29:00'),
(3629, 142, '2019032500202260', 1, '2021-06-11 11:29:00'),
(3630, 142, '2019032500202570', 1, '2021-06-11 11:29:00'),
(3631, 142, '2019032500202370', 1, '2021-06-11 11:29:00'),
(3632, 142, '2019032500202080', 1, '2021-06-11 11:29:00'),
(3633, 142, '2019032500202630', 0, '2021-06-11 11:29:00'),
(3634, 142, '2019032500202410', 1, '2021-06-11 11:29:00'),
(3635, 142, '2019032500202320', 1, '2021-06-11 11:29:00'),
(3636, 142, '2019032500202220', 1, '2021-06-11 11:29:00'),
(3637, 142, '2019032500202690', 1, '2021-06-11 11:29:00'),
(3638, 142, '2019032500202200', 1, '2021-06-11 11:29:00'),
(3639, 142, '2019032500202390', 1, '2021-06-11 11:29:00'),
(3640, 142, '2019032500202710', 1, '2021-06-11 11:29:00'),
(3641, 142, '2019032500202680', 1, '2021-06-11 11:29:00'),
(3642, 142, '2019032500202290', 1, '2021-06-11 11:29:00'),
(3643, 142, '2019032500202360', 0, '2021-06-11 11:29:00'),
(3644, 142, '2019032500202300', 1, '2021-06-11 11:29:00'),
(3645, 142, '2019032500202140', 1, '2021-06-11 11:29:00'),
(3646, 142, '2019032500202600', 0, '2021-06-11 11:29:00'),
(3647, 142, '2019032500202130', 1, '2021-06-11 11:29:00'),
(3648, 142, '2019032500202150', 1, '2021-06-11 11:29:00'),
(3649, 142, '2019032500202670', 1, '2021-06-11 11:29:00'),
(3650, 142, '2019032500202550', 1, '2021-06-11 11:29:00'),
(3651, 142, '2019032500202230', 1, '2021-06-11 11:29:00'),
(3652, 142, '2019032500202460', 1, '2021-06-11 11:29:00'),
(3653, 142, '2019032500202090', 1, '2021-06-11 11:29:00'),
(3654, 142, '2019032500202210', 1, '2021-06-11 11:29:00'),
(3655, 142, '2019032500202350', 1, '2021-06-11 11:29:00'),
(3656, 142, '2019032500202540', 1, '2021-06-11 11:29:00'),
(3657, 142, '2019032500202120', 0, '2021-06-11 11:29:00'),
(3658, 142, '2019032500202170', 1, '2021-06-11 11:29:00'),
(3659, 142, '2019032500202470', 1, '2021-06-11 11:29:00'),
(3660, 142, '2019032500202700', 1, '2021-06-11 11:29:00'),
(3661, 142, '2019032500202730', 1, '2021-06-11 11:29:00'),
(3662, 142, '2019032500202560', 1, '2021-06-11 11:29:00'),
(3663, 142, '2019032500202640', 1, '2021-06-11 11:29:00'),
(3664, 142, '2019032500202180', 1, '2021-06-11 11:29:00'),
(3665, 142, '2019032500202400', 1, '2021-06-11 11:29:00'),
(3666, 142, '2019032500202590', 1, '2021-06-11 11:29:00'),
(3667, 142, '2019032500202440', 1, '2021-06-11 11:29:00'),
(3668, 142, '2019032500202270', 1, '2021-06-11 11:29:00'),
(3669, 142, '2019032500202190', 1, '2021-06-11 11:29:00'),
(3670, 142, '2019032500202720', 0, '2021-06-11 11:29:00'),
(3671, 142, '2019032500202330', 1, '2021-06-11 11:29:00'),
(3672, 142, '2019032500202530', 1, '2021-06-11 11:29:00'),
(3673, 142, '2019032500202100', 1, '2021-06-11 11:29:00'),
(3674, 142, '2019032500202480', 1, '2021-06-11 11:29:00'),
(3675, 142, '2019032500202580', 1, '2021-06-11 11:29:00'),
(3676, 142, '2019032500202250', 1, '2021-06-11 11:29:00'),
(3677, 142, '2019032500202610', 1, '2021-06-11 11:29:00'),
(3678, 142, '2018032500246970', 1, '2021-06-11 11:29:00'),
(3679, 142, '2016032500221080', 1, '2021-06-11 11:29:00'),
(3680, 142, '2018032500247010', 1, '2021-06-11 11:29:00'),
(3681, 142, '2018032500246960', 1, '2021-06-11 11:29:00'),
(3682, 142, '2016032500220230', 0, '2021-06-11 11:29:00'),
(3683, 142, '2018032500246990', 0, '2021-06-11 11:29:00'),
(3689, 128, '1', 0, '2021-06-07 21:17:00'),
(3690, 128, '1', 0, '2021-06-01 17:01:00'),
(3691, 137, '1', 0, '2021-06-06 01:55:00'),
(3692, 137, '1', 0, '2021-06-05 11:05:00'),
(3693, 137, '1', 0, '2021-06-07 12:45:00'),
(3694, 137, '1', 0, '2021-06-01 12:48:00'),
(3695, 137, '1', 0, '2021-05-31 12:51:00'),
(3696, 137, '1', 0, '2021-06-11 11:04:00'),
(3697, 142, '1', 0, '2021-06-11 11:29:00'),
(3698, 143, '1', 0, '2021-06-09 01:12:00'),
(3699, 137, '2019032500202240', 1, '2021-05-31 12:01:00'),
(3700, 137, '2019032500202450', 0, '2021-05-31 12:01:00'),
(3701, 137, '2019032500202420', 0, '2021-05-31 12:01:00'),
(3702, 137, '2019032500202310', 1, '2021-05-31 12:01:00'),
(3703, 137, '2019032500202110', 1, '2021-05-31 12:01:00'),
(3704, 137, '2019032500202430', 1, '2021-05-31 12:01:00'),
(3705, 137, '2019032500202380', 1, '2021-05-31 12:01:00'),
(3706, 137, '2019032500202340', 0, '2021-05-31 12:01:00'),
(3707, 137, '2019032500202660', 0, '2021-05-31 12:01:00'),
(3708, 137, '2019032500202260', 1, '2021-05-31 12:01:00'),
(3709, 137, '2019032500202570', 1, '2021-05-31 12:01:00'),
(3710, 137, '2019032500202370', 1, '2021-05-31 12:01:00'),
(3711, 137, '2019032500202080', 1, '2021-05-31 12:01:00'),
(3712, 137, '2019032500202630', 1, '2021-05-31 12:01:00'),
(3713, 137, '2019032500202410', 1, '2021-05-31 12:01:00'),
(3714, 137, '2019032500202320', 1, '2021-05-31 12:01:00'),
(3715, 137, '2019032500202220', 1, '2021-05-31 12:01:00'),
(3716, 137, '2019032500202690', 1, '2021-05-31 12:01:00'),
(3717, 137, '2019032500202200', 1, '2021-05-31 12:01:00'),
(3718, 137, '2019032500202390', 1, '2021-05-31 12:01:00'),
(3719, 137, '2019032500202710', 1, '2021-05-31 12:01:00'),
(3720, 137, '2019032500202680', 1, '2021-05-31 12:01:00'),
(3721, 137, '2019032500202290', 1, '2021-05-31 12:01:00'),
(3722, 137, '2019032500202360', 1, '2021-05-31 12:01:00'),
(3723, 137, '2019032500202300', 1, '2021-05-31 12:01:00'),
(3724, 137, '2019032500202140', 1, '2021-05-31 12:01:00'),
(3725, 137, '2019032500202600', 1, '2021-05-31 12:01:00'),
(3726, 137, '2019032500202130', 1, '2021-05-31 12:01:00'),
(3727, 137, '2019032500202150', 1, '2021-05-31 12:01:00'),
(3728, 137, '2019032500202670', 1, '2021-05-31 12:01:00'),
(3729, 137, '2019032500202550', 1, '2021-05-31 12:01:00'),
(3730, 137, '2019032500202230', 1, '2021-05-31 12:01:00'),
(3731, 137, '2019032500202460', 1, '2021-05-31 12:01:00'),
(3732, 137, '2019032500202090', 1, '2021-05-31 12:01:00'),
(3733, 137, '2019032500202210', 1, '2021-05-31 12:01:00'),
(3734, 137, '2019032500202350', 1, '2021-05-31 12:01:00'),
(3735, 137, '2019032500202540', 1, '2021-05-31 12:01:00'),
(3736, 137, '2019032500202120', 1, '2021-05-31 12:01:00'),
(3737, 137, '2019032500202170', 1, '2021-05-31 12:01:00'),
(3738, 137, '2019032500202470', 1, '2021-05-31 12:01:00'),
(3739, 137, '2019032500202700', 1, '2021-05-31 12:01:00'),
(3740, 137, '2019032500202730', 1, '2021-05-31 12:01:00'),
(3741, 137, '2019032500202560', 1, '2021-05-31 12:01:00'),
(3742, 137, '2019032500202640', 1, '2021-05-31 12:01:00'),
(3743, 137, '2019032500202180', 1, '2021-05-31 12:01:00'),
(3744, 137, '2019032500202400', 1, '2021-05-31 12:01:00'),
(3745, 137, '2019032500202590', 1, '2021-05-31 12:01:00'),
(3746, 137, '2019032500202440', 1, '2021-05-31 12:01:00'),
(3747, 137, '2019032500202270', 1, '2021-05-31 12:01:00'),
(3748, 137, '2019032500202190', 1, '2021-05-31 12:01:00'),
(3749, 137, '2019032500202720', 1, '2021-05-31 12:01:00'),
(3750, 137, '2019032500202330', 1, '2021-05-31 12:01:00'),
(3751, 137, '2019032500202530', 1, '2021-05-31 12:01:00'),
(3752, 137, '2019032500202100', 1, '2021-05-31 12:01:00'),
(3753, 137, '2019032500202480', 1, '2021-05-31 12:01:00'),
(3754, 137, '2019032500202580', 1, '2021-05-31 12:01:00'),
(3755, 137, '2019032500202250', 1, '2021-05-31 12:01:00'),
(3756, 137, '2019032500202610', 1, '2021-05-31 12:01:00'),
(3757, 137, '2018032500246970', 1, '2021-05-31 12:01:00'),
(3758, 137, '2016032500221080', 1, '2021-05-31 12:01:00'),
(3759, 137, '2018032500247010', 1, '2021-05-31 12:01:00'),
(3760, 137, '2018032500246960', 1, '2021-05-31 12:01:00'),
(3761, 137, '2016032500220230', 1, '2021-05-31 12:01:00'),
(3762, 137, '2018032500246990', 1, '2021-05-31 12:01:00'),
(3763, 137, '1', 1, '2021-05-31 12:01:00');

-- --------------------------------------------------------

--
-- Table structure for table `batch`
--

CREATE TABLE `batch` (
  `batch_id` int(11) NOT NULL,
  `batch_name` varchar(10) DEFAULT NULL
) ENGINE=InnoDB DEFAULT CHARSET=utf8mb4;

--
-- Dumping data for table `batch`
--

INSERT INTO `batch` (`batch_id`, `batch_name`) VALUES
(1, 'S1'),
(2, 'S2'),
(3, 'S3');

-- --------------------------------------------------------

--
-- Table structure for table `class`
--

CREATE TABLE `class` (
  `class_id` int(11) NOT NULL,
  `faculty_id` int(11) DEFAULT NULL,
  `course_id` int(11) DEFAULT NULL,
  `dept_id` int(11) NOT NULL,
  `s_class_id` int(11) NOT NULL,
  `sem_id` int(11) NOT NULL,
  `div_id` int(11) DEFAULT NULL,
  `academic_id` int(11) DEFAULT NULL,
  `no_of_lect` int(11) NOT NULL DEFAULT 0
) ENGINE=InnoDB DEFAULT CHARSET=utf8mb4;

--
-- Dumping data for table `class`
--

INSERT INTO `class` (`class_id`, `faculty_id`, `course_id`, `dept_id`, `s_class_id`, `sem_id`, `div_id`, `academic_id`, `no_of_lect`) VALUES
(128, 201, 100, 95, 3, 6, 1, 92, 2),
(137, 101, 2, 95, 3, 5, 1, 92, 7),
(138, 201, 20, 96, 2, 3, 1, 92, 0),
(139, 201, 20, 96, 2, 3, 3, 92, 0),
(140, 102, 1, 95, 2, 3, 1, 92, 0),
(141, 102, 3, 95, 4, 7, 1, 92, 0),
(142, 102, 200, 95, 3, 6, 1, 92, 1),
(143, 102, 300, 95, 3, 6, 1, 92, 1),
(144, 102, 400, 95, 3, 6, 1, 92, 0),
(146, 201, 20, 96, 2, 3, 2, 92, 0);

-- --------------------------------------------------------

--
-- Table structure for table `courses`
--

CREATE TABLE `courses` (
  `course_id` int(11) NOT NULL,
  `course_name` varchar(50) DEFAULT NULL,
  `dept_id` int(11) DEFAULT NULL,
  `s_class_id` int(11) DEFAULT NULL,
  `sem_id` int(11) DEFAULT NULL
) ENGINE=InnoDB DEFAULT CHARSET=utf8mb4;

--
-- Dumping data for table `courses`
--

INSERT INTO `courses` (`course_id`, `course_name`, `dept_id`, `s_class_id`, `sem_id`) VALUES
(1, 'Advance C Concepts', 95, 2, 3),
(2, 'Software Engineering', 95, 3, 5),
(3, 'Machine Learning', 95, 4, 7),
(20, 'Theroy of Mechanics', 96, 2, 3),
(100, 'STP-6', 95, 3, 6),
(200, 'Unix Operating System', 95, 3, 6),
(300, 'Android', 95, 3, 6),
(400, 'Artificial Intellegience', 95, 3, 6);

-- --------------------------------------------------------

--
-- Table structure for table `department`
--

CREATE TABLE `department` (
  `dept_id` int(11) NOT NULL,
  `dept_name` varchar(50) NOT NULL
) ENGINE=InnoDB DEFAULT CHARSET=utf8mb4;

--
-- Dumping data for table `department`
--

INSERT INTO `department` (`dept_id`, `dept_name`) VALUES
(94, 'First Year'),
(95, 'Computer Science and Engineering'),
(96, 'Mechanical Engineering');

-- --------------------------------------------------------

--
-- Table structure for table `division`
--

CREATE TABLE `division` (
  `div_id` int(11) NOT NULL,
  `div_name` varchar(10) DEFAULT NULL
) ENGINE=InnoDB DEFAULT CHARSET=utf8mb4;

--
-- Dumping data for table `division`
--

INSERT INTO `division` (`div_id`, `div_name`) VALUES
(1, 'A'),
(2, 'B'),
(3, 'C');

-- --------------------------------------------------------

--
-- Table structure for table `div_belongs_dept`
--

CREATE TABLE `div_belongs_dept` (
  `id` int(11) NOT NULL,
  `dept_id` int(11) NOT NULL,
  `div_id` int(11) NOT NULL
) ENGINE=InnoDB DEFAULT CHARSET=utf8mb4;

--
-- Dumping data for table `div_belongs_dept`
--

INSERT INTO `div_belongs_dept` (`id`, `dept_id`, `div_id`) VALUES
(4, 94, 1),
(5, 94, 2),
(6, 94, 3),
(7, 95, 1),
(8, 96, 1),
(9, 96, 2),
(10, 96, 3);

-- --------------------------------------------------------

--
-- Table structure for table `faculty`
--

CREATE TABLE `faculty` (
  `faculty_id` int(11) NOT NULL,
  `first_name` varchar(50) DEFAULT NULL,
  `last_name` varchar(50) DEFAULT NULL,
  `dept_id` int(11) DEFAULT NULL,
  `role_id` int(11) DEFAULT NULL,
  `password` varchar(255) DEFAULT NULL
) ENGINE=InnoDB DEFAULT CHARSET=utf8mb4;

--
-- Dumping data for table `faculty`
--

INSERT INTO `faculty` (`faculty_id`, `first_name`, `last_name`, `dept_id`, `role_id`, `password`) VALUES
(1, 'admin', 'admin', 44, 0, '$2y$10$Ye0y8RfUQ5ZcemRLKn33LeeGzQgu9dLdFqGmhnoTA665fDflFepHC'),
(101, 'Mahesh', 'Kulkarni', 95, 2, '$2y$10$59z7Dgd.4scyFCznzEejh.A/Gj2TbPCiyLwd/voEP6jzeRvO7GXsm'),
(102, 'Virendrasinh', 'Dhotre', 95, 2, '$2y$10$hXYKwf4fxSu85iI/TkhEM.LKJoLJuPXv6wQz7dXzZN/3NF/N4asli'),
(201, 'Sameer', 'Katekar', 96, 2, '$2y$10$oTbypreAgtVcs/u4Znnv7eCKmy9K.qf/VkdTmWbd.Lw.jwJZZqiqa'),
(1000, 'Namdev', 'Sawant', 95, 1, '$2y$10$m6wrcStb64zZroywbcMXTOvbdEi0mfgfHYp8t.I0sU03XT1wBNQDe'),
(2000, 'V.', 'Kulkarni', 96, 1, '$2y$10$k.bLkBKskLnDsP6ZbO1lBuLSKpm.UKZ816jskqY8HpLmFzPu5AHay'),
(3000, 'Anil', 'Nikam', 94, 1, '$2y$10$Z7Otss75tpDL5QcaNBLfHepjH/RoTpqZzRbooy9UigFf9ZwXpMqiC');

-- --------------------------------------------------------

--
-- Table structure for table `practical_class`
--

CREATE TABLE `practical_class` (
  `p_class_id` int(11) NOT NULL,
  `faculty_id` int(11) DEFAULT NULL,
  `course_id` int(11) DEFAULT NULL,
  `dept_id` int(11) DEFAULT NULL,
  `year_id` int(11) DEFAULT NULL,
  `sem_id` int(11) DEFAULT NULL,
  `div_id` int(11) DEFAULT NULL,
  `batch_id` int(11) DEFAULT NULL,
  `academic_id` int(11) DEFAULT NULL
) ENGINE=InnoDB DEFAULT CHARSET=utf8mb4;

--
-- Dumping data for table `practical_class`
--

INSERT INTO `practical_class` (`p_class_id`, `faculty_id`, `course_id`, `dept_id`, `year_id`, `sem_id`, `div_id`, `batch_id`, `academic_id`) VALUES
(1, 102, 400, 95, 3, 6, 1, 1, 92),
(3, 102, 400, 95, 3, 6, 1, 3, 92),
(7, 101, 400, 95, 3, 6, 1, 2, 92),
(8, 101, 2, 95, 3, 5, 1, 1, 92),
(9, 101, 2, 95, 3, 5, 1, 2, 92),
(10, 101, 2, 95, 3, 5, 1, 3, 92),
(11, 102, 3, 95, 4, 7, 1, 1, 92),
(12, 102, 3, 95, 4, 7, 1, 2, 92),
(13, 102, 3, 95, 4, 7, 1, 3, 92),
(14, 102, 300, 95, 3, 6, 1, 1, 92),
(15, 102, 300, 95, 3, 6, 1, 3, 92);

-- --------------------------------------------------------

--
-- Table structure for table `pract_attend`
--

CREATE TABLE `pract_attend` (
  `uid` bigint(20) NOT NULL,
  `p_class_id` int(11) DEFAULT NULL,
  `prn_no` varchar(255) DEFAULT NULL,
  `status` int(11) DEFAULT 0,
  `date_time` datetime DEFAULT NULL,
  `course_id` int(11) DEFAULT NULL
) ENGINE=InnoDB DEFAULT CHARSET=utf8mb4;

--
-- Dumping data for table `pract_attend`
--

INSERT INTO `pract_attend` (`uid`, `p_class_id`, `prn_no`, `status`, `date_time`, `course_id`) VALUES
(215, 8, '2019032500202240', 0, '2021-06-26 16:35:00', 2),
(216, 8, '2019032500202450', 0, '2021-06-26 16:35:00', 2),
(217, 8, '2019032500202420', 0, '2021-06-26 16:35:00', 2),
(218, 8, '2019032500202310', 1, '2021-06-26 16:35:00', 2),
(219, 8, '2019032500202110', 1, '2021-06-26 16:35:00', 2),
(220, 8, '2019032500202430', 1, '2021-06-26 16:35:00', 2),
(221, 8, '2019032500202380', 1, '2021-06-26 16:35:00', 2),
(222, 8, '2019032500202340', 1, '2021-06-26 16:35:00', 2),
(223, 8, '2019032500202660', 0, '2021-06-26 16:35:00', 2),
(224, 8, '2019032500202260', 1, '2021-06-26 16:35:00', 2),
(225, 8, '2019032500202570', 1, '2021-06-26 16:35:00', 2),
(226, 8, '2019032500202370', 1, '2021-06-26 16:35:00', 2),
(227, 8, '2019032500202080', 1, '2021-06-26 16:35:00', 2),
(228, 8, '2019032500202630', 1, '2021-06-26 16:35:00', 2),
(229, 8, '2019032500202410', 1, '2021-06-26 16:35:00', 2),
(230, 8, '2019032500202320', 1, '2021-06-26 16:35:00', 2),
(231, 8, '2019032500202220', 1, '2021-06-26 16:35:00', 2),
(232, 8, '2019032500202690', 1, '2021-06-26 16:35:00', 2),
(233, 8, '2019032500202200', 1, '2021-06-26 16:35:00', 2),
(234, 8, '2019032500202390', 1, '2021-06-26 16:35:00', 2),
(235, 8, '2019032500202710', 1, '2021-06-26 16:35:00', 2),
(236, 8, '2019032500202680', 1, '2021-06-26 16:35:00', 2),
(237, 8, '2019032500202290', 1, '2021-06-26 16:35:00', 2),
(238, 8, '2019032500202360', 1, '2021-06-26 16:35:00', 2),
(239, 8, '1', 1, '2021-06-26 16:35:00', 2),
(240, 9, '2019032500202300', 1, '2021-06-26 16:36:00', 2),
(241, 9, '2019032500202140', 0, '2021-06-26 16:36:00', 2),
(242, 9, '2019032500202600', 1, '2021-06-26 16:36:00', 2),
(243, 9, '2019032500202130', 1, '2021-06-26 16:36:00', 2),
(244, 9, '2019032500202150', 1, '2021-06-26 16:36:00', 2),
(245, 9, '2019032500202670', 1, '2021-06-26 16:36:00', 2),
(246, 9, '2019032500202550', 1, '2021-06-26 16:36:00', 2),
(247, 9, '2019032500202230', 1, '2021-06-26 16:36:00', 2),
(248, 9, '2019032500202460', 1, '2021-06-26 16:36:00', 2),
(249, 9, '2019032500202090', 0, '2021-06-26 16:36:00', 2),
(250, 9, '2019032500202210', 1, '2021-06-26 16:36:00', 2),
(251, 9, '2019032500202350', 1, '2021-06-26 16:36:00', 2),
(252, 9, '2019032500202540', 1, '2021-06-26 16:36:00', 2),
(253, 9, '2019032500202120', 1, '2021-06-26 16:36:00', 2),
(254, 9, '2019032500202170', 0, '2021-06-26 16:36:00', 2),
(255, 9, '2019032500202470', 1, '2021-06-26 16:36:00', 2),
(256, 9, '2019032500202700', 1, '2021-06-26 16:36:00', 2),
(257, 9, '2019032500202730', 1, '2021-06-26 16:36:00', 2),
(258, 9, '2019032500202560', 1, '2021-06-26 16:36:00', 2),
(259, 9, '2019032500202640', 1, '2021-06-26 16:36:00', 2),
(260, 9, '2019032500202180', 1, '2021-06-26 16:36:00', 2),
(261, 9, '2019032500202400', 1, '2021-06-26 16:36:00', 2),
(262, 9, '2019032500202590', 1, '2021-06-26 16:36:00', 2),
(263, 9, '2019032500202440', 1, '2021-06-26 16:36:00', 2),
(264, 10, '2019032500202270', 1, '2021-06-26 16:37:00', 2),
(265, 10, '2019032500202190', 0, '2021-06-26 16:37:00', 2),
(266, 10, '2019032500202720', 1, '2021-06-26 16:37:00', 2),
(267, 10, '2019032500202330', 1, '2021-06-26 16:37:00', 2),
(268, 10, '2019032500202530', 0, '2021-06-26 16:37:00', 2),
(269, 10, '2019032500202100', 1, '2021-06-26 16:37:00', 2),
(270, 10, '2019032500202480', 1, '2021-06-26 16:37:00', 2),
(271, 10, '2019032500202580', 1, '2021-06-26 16:37:00', 2),
(272, 10, '2019032500202250', 0, '2021-06-26 16:37:00', 2),
(273, 10, '2019032500202610', 1, '2021-06-26 16:37:00', 2),
(274, 10, '2018032500246970', 1, '2021-06-26 16:37:00', 2),
(275, 10, '2016032500221080', 0, '2021-06-26 16:37:00', 2),
(276, 10, '2018032500247010', 1, '2021-06-26 16:37:00', 2),
(277, 10, '2018032500246960', 1, '2021-06-26 16:37:00', 2),
(278, 10, '2016032500220230', 1, '2021-06-26 16:37:00', 2),
(279, 10, '2018032500246990', 1, '2021-06-26 16:37:00', 2),
(280, 8, '2019032500202240', 1, '2021-06-25 16:40:00', 2),
(281, 8, '2019032500202450', 1, '2021-06-25 16:40:00', 2),
(282, 8, '2019032500202420', 1, '2021-06-25 16:40:00', 2),
(283, 8, '2019032500202310', 1, '2021-06-25 16:40:00', 2),
(284, 8, '2019032500202110', 1, '2021-06-25 16:40:00', 2),
(285, 8, '2019032500202430', 1, '2021-06-25 16:40:00', 2),
(286, 8, '2019032500202380', 1, '2021-06-25 16:40:00', 2),
(287, 8, '2019032500202340', 1, '2021-06-25 16:40:00', 2),
(288, 8, '2019032500202660', 1, '2021-06-25 16:40:00', 2),
(289, 8, '2019032500202260', 1, '2021-06-25 16:40:00', 2),
(290, 8, '2019032500202570', 1, '2021-06-25 16:40:00', 2),
(291, 8, '2019032500202370', 1, '2021-06-25 16:40:00', 2),
(292, 8, '2019032500202080', 1, '2021-06-25 16:40:00', 2),
(293, 8, '2019032500202630', 1, '2021-06-25 16:40:00', 2),
(294, 8, '2019032500202410', 1, '2021-06-25 16:40:00', 2),
(295, 8, '2019032500202320', 1, '2021-06-25 16:40:00', 2),
(296, 8, '2019032500202220', 1, '2021-06-25 16:40:00', 2),
(297, 8, '2019032500202690', 1, '2021-06-25 16:40:00', 2),
(298, 8, '2019032500202200', 1, '2021-06-25 16:40:00', 2),
(299, 8, '2019032500202390', 1, '2021-06-25 16:40:00', 2),
(300, 8, '2019032500202710', 1, '2021-06-25 16:40:00', 2),
(301, 8, '2019032500202680', 1, '2021-06-25 16:40:00', 2),
(302, 8, '2019032500202290', 1, '2021-06-25 16:40:00', 2),
(303, 8, '2019032500202360', 1, '2021-06-25 16:40:00', 2),
(304, 8, '1', 1, '2021-06-25 16:40:00', 2),
(305, 7, '2019032500202300', 1, '2021-06-26 16:41:00', 400),
(306, 7, '2019032500202140', 0, '2021-06-26 16:41:00', 400),
(307, 7, '2019032500202600', 1, '2021-06-26 16:41:00', 400),
(308, 7, '2019032500202130', 1, '2021-06-26 16:41:00', 400),
(309, 7, '2019032500202150', 0, '2021-06-26 16:41:00', 400),
(310, 7, '2019032500202670', 1, '2021-06-26 16:41:00', 400),
(311, 7, '2019032500202550', 1, '2021-06-26 16:41:00', 400),
(312, 7, '2019032500202230', 1, '2021-06-26 16:41:00', 400),
(313, 7, '2019032500202460', 0, '2021-06-26 16:41:00', 400),
(314, 7, '2019032500202090', 1, '2021-06-26 16:41:00', 400),
(315, 7, '2019032500202210', 1, '2021-06-26 16:41:00', 400),
(316, 7, '2019032500202350', 1, '2021-06-26 16:41:00', 400),
(317, 7, '2019032500202540', 1, '2021-06-26 16:41:00', 400),
(318, 7, '2019032500202120', 1, '2021-06-26 16:41:00', 400),
(319, 7, '2019032500202170', 1, '2021-06-26 16:41:00', 400),
(320, 7, '2019032500202470', 1, '2021-06-26 16:41:00', 400),
(321, 7, '2019032500202700', 1, '2021-06-26 16:41:00', 400),
(322, 7, '2019032500202730', 1, '2021-06-26 16:41:00', 400),
(323, 7, '2019032500202560', 1, '2021-06-26 16:41:00', 400),
(324, 7, '2019032500202640', 1, '2021-06-26 16:41:00', 400),
(325, 7, '2019032500202180', 1, '2021-06-26 16:41:00', 400),
(326, 7, '2019032500202400', 1, '2021-06-26 16:41:00', 400),
(327, 7, '2019032500202590', 1, '2021-06-26 16:41:00', 400),
(328, 7, '2019032500202440', 1, '2021-06-26 16:41:00', 400),
(329, 14, '2019032500202240', 0, '2021-06-28 15:44:00', 300),
(330, 14, '2019032500202450', 1, '2021-06-28 15:44:00', 300),
(331, 14, '2019032500202420', 1, '2021-06-28 15:44:00', 300),
(332, 14, '2019032500202310', 1, '2021-06-28 15:44:00', 300),
(333, 14, '2019032500202110', 0, '2021-06-28 15:44:00', 300),
(334, 14, '2019032500202430', 1, '2021-06-28 15:44:00', 300),
(335, 14, '2019032500202380', 1, '2021-06-28 15:44:00', 300),
(336, 14, '2019032500202340', 0, '2021-06-28 15:44:00', 300),
(337, 14, '2019032500202660', 1, '2021-06-28 15:44:00', 300),
(338, 14, '2019032500202260', 0, '2021-06-28 15:44:00', 300),
(339, 14, '2019032500202570', 1, '2021-06-28 15:44:00', 300),
(340, 14, '2019032500202370', 1, '2021-06-28 15:44:00', 300),
(341, 14, '2019032500202080', 1, '2021-06-28 15:44:00', 300),
(342, 14, '2019032500202630', 1, '2021-06-28 15:44:00', 300),
(343, 14, '2019032500202410', 0, '2021-06-28 15:44:00', 300),
(344, 14, '2019032500202320', 1, '2021-06-28 15:44:00', 300),
(345, 14, '2019032500202220', 1, '2021-06-28 15:44:00', 300),
(346, 14, '2019032500202690', 1, '2021-06-28 15:44:00', 300),
(347, 14, '2019032500202200', 1, '2021-06-28 15:44:00', 300),
(348, 14, '2019032500202390', 1, '2021-06-28 15:44:00', 300),
(349, 14, '2019032500202710', 1, '2021-06-28 15:44:00', 300),
(350, 14, '2019032500202680', 1, '2021-06-28 15:44:00', 300),
(351, 14, '2019032500202290', 1, '2021-06-28 15:44:00', 300),
(352, 14, '2019032500202360', 1, '2021-06-28 15:44:00', 300),
(353, 14, '1', 0, '2021-06-28 15:44:00', 300),
(354, 15, '2019032500202270', 1, '2021-05-31 19:13:00', 300),
(355, 15, '2019032500202190', 0, '2021-05-31 19:13:00', 300),
(356, 15, '2019032500202720', 1, '2021-05-31 19:13:00', 300),
(357, 15, '2019032500202330', 1, '2021-05-31 19:13:00', 300),
(358, 15, '2019032500202530', 1, '2021-05-31 19:13:00', 300),
(359, 15, '2019032500202100', 1, '2021-05-31 19:13:00', 300),
(360, 15, '2019032500202480', 1, '2021-05-31 19:13:00', 300),
(361, 15, '2019032500202580', 1, '2021-05-31 19:13:00', 300),
(362, 15, '2019032500202250', 0, '2021-05-31 19:13:00', 300),
(363, 15, '2019032500202610', 1, '2021-05-31 19:13:00', 300),
(364, 15, '2018032500246970', 1, '2021-05-31 19:13:00', 300),
(365, 15, '2016032500221080', 1, '2021-05-31 19:13:00', 300),
(366, 15, '2018032500247010', 1, '2021-05-31 19:13:00', 300),
(367, 15, '2018032500246960', 1, '2021-05-31 19:13:00', 300),
(368, 15, '2016032500220230', 1, '2021-05-31 19:13:00', 300),
(369, 15, '2018032500246990', 1, '2021-05-31 19:13:00', 300),
(370, 9, '2019032500202300', 0, '2021-05-31 12:17:00', 2),
(371, 9, '2019032500202140', 1, '2021-05-31 12:17:00', 2),
(372, 9, '2019032500202600', 0, '2021-05-31 12:17:00', 2),
(373, 9, '2019032500202130', 1, '2021-05-31 12:17:00', 2),
(374, 9, '2019032500202150', 1, '2021-05-31 12:17:00', 2),
(375, 9, '2019032500202670', 0, '2021-05-31 12:17:00', 2),
(376, 9, '2019032500202550', 1, '2021-05-31 12:17:00', 2),
(377, 9, '2019032500202230', 1, '2021-05-31 12:17:00', 2),
(378, 9, '2019032500202460', 0, '2021-05-31 12:17:00', 2),
(379, 9, '2019032500202090', 1, '2021-05-31 12:17:00', 2),
(380, 9, '2019032500202210', 0, '2021-05-31 12:17:00', 2),
(381, 9, '2019032500202350', 1, '2021-05-31 12:17:00', 2),
(382, 9, '2019032500202540', 1, '2021-05-31 12:17:00', 2),
(383, 9, '2019032500202120', 1, '2021-05-31 12:17:00', 2),
(384, 9, '2019032500202170', 1, '2021-05-31 12:17:00', 2),
(385, 9, '2019032500202470', 0, '2021-05-31 12:17:00', 2),
(386, 9, '2019032500202700', 1, '2021-05-31 12:17:00', 2),
(387, 9, '2019032500202730', 1, '2021-05-31 12:17:00', 2),
(388, 9, '2019032500202560', 1, '2021-05-31 12:17:00', 2),
(389, 9, '2019032500202640', 1, '2021-05-31 12:17:00', 2),
(390, 9, '2019032500202180', 1, '2021-05-31 12:17:00', 2),
(391, 9, '2019032500202400', 1, '2021-05-31 12:17:00', 2),
(392, 9, '2019032500202590', 1, '2021-05-31 12:17:00', 2),
(393, 9, '2019032500202440', 1, '2021-05-31 12:17:00', 2),
(394, 9, '2019032500202300', 0, '2021-06-01 12:23:00', 2),
(395, 9, '2019032500202140', 1, '2021-06-01 12:23:00', 2),
(396, 9, '2019032500202600', 1, '2021-06-01 12:23:00', 2),
(397, 9, '2019032500202130', 1, '2021-06-01 12:23:00', 2),
(398, 9, '2019032500202150', 1, '2021-06-01 12:23:00', 2),
(399, 9, '2019032500202670', 1, '2021-06-01 12:23:00', 2),
(400, 9, '2019032500202550', 1, '2021-06-01 12:23:00', 2),
(401, 9, '2019032500202230', 0, '2021-06-01 12:23:00', 2),
(402, 9, '2019032500202460', 1, '2021-06-01 12:23:00', 2),
(403, 9, '2019032500202090', 1, '2021-06-01 12:23:00', 2),
(404, 9, '2019032500202210', 1, '2021-06-01 12:23:00', 2),
(405, 9, '2019032500202350', 1, '2021-06-01 12:23:00', 2),
(406, 9, '2019032500202540', 1, '2021-06-01 12:23:00', 2),
(407, 9, '2019032500202120', 1, '2021-06-01 12:23:00', 2),
(408, 9, '2019032500202170', 0, '2021-06-01 12:23:00', 2),
(409, 9, '2019032500202470', 1, '2021-06-01 12:23:00', 2),
(410, 9, '2019032500202700', 1, '2021-06-01 12:23:00', 2),
(411, 9, '2019032500202730', 1, '2021-06-01 12:23:00', 2),
(412, 9, '2019032500202560', 1, '2021-06-01 12:23:00', 2),
(413, 9, '2019032500202640', 1, '2021-06-01 12:23:00', 2),
(414, 9, '2019032500202180', 1, '2021-06-01 12:23:00', 2),
(415, 9, '2019032500202400', 1, '2021-06-01 12:23:00', 2),
(416, 9, '2019032500202590', 1, '2021-06-01 12:23:00', 2),
(417, 9, '2019032500202440', 1, '2021-06-01 12:23:00', 2),
(418, 7, '2019032500202300', 0, '2021-05-31 12:22:00', 400),
(419, 7, '2019032500202140', 1, '2021-05-31 12:22:00', 400),
(420, 7, '2019032500202600', 1, '2021-05-31 12:22:00', 400),
(421, 7, '2019032500202130', 1, '2021-05-31 12:22:00', 400),
(422, 7, '2019032500202150', 1, '2021-05-31 12:22:00', 400),
(423, 7, '2019032500202670', 1, '2021-05-31 12:22:00', 400),
(424, 7, '2019032500202550', 1, '2021-05-31 12:22:00', 400),
(425, 7, '2019032500202230', 0, '2021-05-31 12:22:00', 400),
(426, 7, '2019032500202460', 1, '2021-05-31 12:22:00', 400),
(427, 7, '2019032500202090', 1, '2021-05-31 12:22:00', 400),
(428, 7, '2019032500202210', 1, '2021-05-31 12:22:00', 400),
(429, 7, '2019032500202350', 1, '2021-05-31 12:22:00', 400),
(430, 7, '2019032500202540', 1, '2021-05-31 12:22:00', 400),
(431, 7, '2019032500202120', 1, '2021-05-31 12:22:00', 400),
(432, 7, '2019032500202170', 0, '2021-05-31 12:22:00', 400),
(433, 7, '2019032500202470', 1, '2021-05-31 12:22:00', 400),
(434, 7, '2019032500202700', 1, '2021-05-31 12:22:00', 400),
(435, 7, '2019032500202730', 1, '2021-05-31 12:22:00', 400),
(436, 7, '2019032500202560', 1, '2021-05-31 12:22:00', 400),
(437, 7, '2019032500202640', 1, '2021-05-31 12:22:00', 400),
(438, 7, '2019032500202180', 1, '2021-05-31 12:22:00', 400),
(439, 7, '2019032500202400', 1, '2021-05-31 12:22:00', 400),
(440, 7, '2019032500202590', 1, '2021-05-31 12:22:00', 400),
(441, 7, '2019032500202440', 1, '2021-05-31 12:22:00', 400),
(442, 7, '2019032500202300', 1, '2021-06-22 15:44:00', 400),
(443, 7, '2019032500202140', 0, '2021-06-22 15:44:00', 400),
(444, 7, '2019032500202600', 1, '2021-06-22 15:44:00', 400),
(445, 7, '2019032500202130', 0, '2021-06-22 15:44:00', 400),
(446, 7, '2019032500202150', 1, '2021-06-22 15:44:00', 400),
(447, 7, '2019032500202670', 1, '2021-06-22 15:44:00', 400),
(448, 7, '2019032500202550', 1, '2021-06-22 15:44:00', 400),
(449, 7, '2019032500202230', 1, '2021-06-22 15:44:00', 400),
(450, 7, '2019032500202460', 0, '2021-06-22 15:44:00', 400),
(451, 7, '2019032500202090', 1, '2021-06-22 15:44:00', 400),
(452, 7, '2019032500202210', 1, '2021-06-22 15:44:00', 400),
(453, 7, '2019032500202350', 1, '2021-06-22 15:44:00', 400),
(454, 7, '2019032500202540', 1, '2021-06-22 15:44:00', 400),
(455, 7, '2019032500202120', 1, '2021-06-22 15:44:00', 400),
(456, 7, '2019032500202170', 1, '2021-06-22 15:44:00', 400),
(457, 7, '2019032500202470', 1, '2021-06-22 15:44:00', 400),
(458, 7, '2019032500202700', 1, '2021-06-22 15:44:00', 400),
(459, 7, '2019032500202730', 1, '2021-06-22 15:44:00', 400),
(460, 7, '2019032500202560', 1, '2021-06-22 15:44:00', 400),
(461, 7, '2019032500202640', 1, '2021-06-22 15:44:00', 400),
(462, 7, '2019032500202180', 1, '2021-06-22 15:44:00', 400),
(463, 7, '2019032500202400', 1, '2021-06-22 15:44:00', 400),
(464, 7, '2019032500202590', 1, '2021-06-22 15:44:00', 400),
(465, 7, '2019032500202440', 1, '2021-06-22 15:44:00', 400),
(466, 7, '2019032500202300', 1, '2021-06-22 15:45:00', 400),
(467, 7, '2019032500202140', 1, '2021-06-22 15:45:00', 400),
(468, 7, '2019032500202600', 1, '2021-06-22 15:45:00', 400),
(469, 7, '2019032500202130', 1, '2021-06-22 15:45:00', 400),
(470, 7, '2019032500202150', 1, '2021-06-22 15:45:00', 400),
(471, 7, '2019032500202670', 1, '2021-06-22 15:45:00', 400),
(472, 7, '2019032500202550', 1, '2021-06-22 15:45:00', 400),
(473, 7, '2019032500202230', 1, '2021-06-22 15:45:00', 400),
(474, 7, '2019032500202460', 1, '2021-06-22 15:45:00', 400),
(475, 7, '2019032500202090', 1, '2021-06-22 15:45:00', 400),
(476, 7, '2019032500202210', 1, '2021-06-22 15:45:00', 400),
(477, 7, '2019032500202350', 1, '2021-06-22 15:45:00', 400),
(478, 7, '2019032500202540', 1, '2021-06-22 15:45:00', 400),
(479, 7, '2019032500202120', 1, '2021-06-22 15:45:00', 400),
(480, 7, '2019032500202170', 1, '2021-06-22 15:45:00', 400),
(481, 7, '2019032500202470', 1, '2021-06-22 15:45:00', 400),
(482, 7, '2019032500202700', 1, '2021-06-22 15:45:00', 400),
(483, 7, '2019032500202730', 1, '2021-06-22 15:45:00', 400),
(484, 7, '2019032500202560', 1, '2021-06-22 15:45:00', 400),
(485, 7, '2019032500202640', 1, '2021-06-22 15:45:00', 400),
(486, 7, '2019032500202180', 1, '2021-06-22 15:45:00', 400),
(487, 7, '2019032500202400', 1, '2021-06-22 15:45:00', 400),
(488, 7, '2019032500202590', 1, '2021-06-22 15:45:00', 400),
(489, 7, '2019032500202440', 1, '2021-06-22 15:45:00', 400),
(490, 7, '2019032500202300', 1, '2021-06-08 17:50:00', 400),
(491, 7, '2019032500202140', 1, '2021-06-08 17:50:00', 400),
(492, 7, '2019032500202600', 0, '2021-06-08 17:50:00', 400),
(493, 7, '2019032500202130', 1, '2021-06-08 17:50:00', 400),
(494, 7, '2019032500202150', 1, '2021-06-08 17:50:00', 400),
(495, 7, '2019032500202670', 1, '2021-06-08 17:50:00', 400),
(496, 7, '2019032500202550', 1, '2021-06-08 17:50:00', 400),
(497, 7, '2019032500202230', 1, '2021-06-08 17:50:00', 400),
(498, 7, '2019032500202460', 1, '2021-06-08 17:50:00', 400),
(499, 7, '2019032500202090', 1, '2021-06-08 17:50:00', 400),
(500, 7, '2019032500202210', 1, '2021-06-08 17:50:00', 400),
(501, 7, '2019032500202350', 1, '2021-06-08 17:50:00', 400),
(502, 7, '2019032500202540', 1, '2021-06-08 17:50:00', 400),
(503, 7, '2019032500202120', 1, '2021-06-08 17:50:00', 400),
(504, 7, '2019032500202170', 1, '2021-06-08 17:50:00', 400),
(505, 7, '2019032500202470', 1, '2021-06-08 17:50:00', 400),
(506, 7, '2019032500202700', 1, '2021-06-08 17:50:00', 400),
(507, 7, '2019032500202730', 1, '2021-06-08 17:50:00', 400),
(508, 7, '2019032500202560', 1, '2021-06-08 17:50:00', 400),
(509, 7, '2019032500202640', 1, '2021-06-08 17:50:00', 400),
(510, 7, '2019032500202180', 1, '2021-06-08 17:50:00', 400),
(511, 7, '2019032500202400', 1, '2021-06-08 17:50:00', 400),
(512, 7, '2019032500202590', 1, '2021-06-08 17:50:00', 400),
(513, 7, '2019032500202440', 1, '2021-06-08 17:50:00', 400),
(514, 14, '2019032500202240', 0, '2021-06-29 17:50:00', 300),
(515, 14, '2019032500202450', 0, '2021-06-29 17:50:00', 300),
(516, 14, '2019032500202420', 0, '2021-06-29 17:50:00', 300),
(517, 14, '2019032500202310', 1, '2021-06-29 17:50:00', 300),
(518, 14, '2019032500202110', 1, '2021-06-29 17:50:00', 300),
(519, 14, '2019032500202430', 1, '2021-06-29 17:50:00', 300),
(520, 14, '2019032500202380', 1, '2021-06-29 17:50:00', 300),
(521, 14, '2019032500202340', 1, '2021-06-29 17:50:00', 300),
(522, 14, '2019032500202660', 1, '2021-06-29 17:50:00', 300),
(523, 14, '2019032500202260', 1, '2021-06-29 17:50:00', 300),
(524, 14, '2019032500202570', 1, '2021-06-29 17:50:00', 300),
(525, 14, '2019032500202370', 1, '2021-06-29 17:50:00', 300),
(526, 14, '2019032500202080', 1, '2021-06-29 17:50:00', 300),
(527, 14, '2019032500202630', 1, '2021-06-29 17:50:00', 300),
(528, 14, '2019032500202410', 1, '2021-06-29 17:50:00', 300),
(529, 14, '2019032500202320', 1, '2021-06-29 17:50:00', 300),
(530, 14, '2019032500202220', 1, '2021-06-29 17:50:00', 300),
(531, 14, '2019032500202690', 1, '2021-06-29 17:50:00', 300),
(532, 14, '2019032500202200', 1, '2021-06-29 17:50:00', 300),
(533, 14, '2019032500202390', 1, '2021-06-29 17:50:00', 300),
(534, 14, '2019032500202710', 1, '2021-06-29 17:50:00', 300),
(535, 14, '2019032500202680', 1, '2021-06-29 17:50:00', 300),
(536, 14, '2019032500202290', 1, '2021-06-29 17:50:00', 300),
(537, 14, '2019032500202360', 1, '2021-06-29 17:50:00', 300),
(538, 14, '1', 1, '2021-06-29 17:50:00', 300),
(539, 9, '2019032500202300', 1, '2021-06-29 17:55:00', 2),
(540, 9, '2019032500202140', 1, '2021-06-29 17:55:00', 2),
(541, 9, '2019032500202600', 1, '2021-06-29 17:55:00', 2),
(542, 9, '2019032500202130', 1, '2021-06-29 17:55:00', 2),
(543, 9, '2019032500202150', 1, '2021-06-29 17:55:00', 2),
(544, 9, '2019032500202670', 1, '2021-06-29 17:55:00', 2),
(545, 9, '2019032500202550', 1, '2021-06-29 17:55:00', 2),
(546, 9, '2019032500202230', 1, '2021-06-29 17:55:00', 2),
(547, 9, '2019032500202460', 1, '2021-06-29 17:55:00', 2),
(548, 9, '2019032500202090', 1, '2021-06-29 17:55:00', 2),
(549, 9, '2019032500202210', 1, '2021-06-29 17:55:00', 2),
(550, 9, '2019032500202350', 1, '2021-06-29 17:55:00', 2),
(551, 9, '2019032500202540', 1, '2021-06-29 17:55:00', 2),
(552, 9, '2019032500202120', 1, '2021-06-29 17:55:00', 2),
(553, 9, '2019032500202170', 1, '2021-06-29 17:55:00', 2),
(554, 9, '2019032500202470', 1, '2021-06-29 17:55:00', 2),
(555, 9, '2019032500202700', 1, '2021-06-29 17:55:00', 2),
(556, 9, '2019032500202730', 1, '2021-06-29 17:55:00', 2),
(557, 9, '2019032500202560', 1, '2021-06-29 17:55:00', 2),
(558, 9, '2019032500202640', 1, '2021-06-29 17:55:00', 2),
(559, 9, '2019032500202180', 1, '2021-06-29 17:55:00', 2),
(560, 9, '2019032500202400', 1, '2021-06-29 17:55:00', 2),
(561, 9, '2019032500202590', 1, '2021-06-29 17:55:00', 2),
(562, 9, '2019032500202440', 1, '2021-06-29 17:55:00', 2),
(563, 1, '2019032500202240', 1, '2021-06-02 23:50:00', 400),
(564, 1, '2019032500202450', 1, '2021-06-02 23:50:00', 400),
(565, 1, '2019032500202420', 0, '2021-06-02 23:50:00', 400),
(566, 1, '2019032500202310', 1, '2021-06-02 23:50:00', 400),
(567, 1, '2019032500202110', 1, '2021-06-02 23:50:00', 400),
(568, 1, '2019032500202430', 1, '2021-06-02 23:50:00', 400),
(569, 1, '2019032500202380', 1, '2021-06-02 23:50:00', 400),
(570, 1, '2019032500202340', 1, '2021-06-02 23:50:00', 400),
(571, 1, '2019032500202660', 0, '2021-06-02 23:50:00', 400),
(572, 1, '2019032500202260', 1, '2021-06-02 23:50:00', 400),
(573, 1, '2019032500202570', 1, '2021-06-02 23:50:00', 400),
(574, 1, '2019032500202370', 1, '2021-06-02 23:50:00', 400),
(575, 1, '2019032500202080', 1, '2021-06-02 23:50:00', 400),
(576, 1, '2019032500202630', 1, '2021-06-02 23:50:00', 400),
(577, 1, '2019032500202410', 1, '2021-06-02 23:50:00', 400),
(578, 1, '2019032500202320', 1, '2021-06-02 23:50:00', 400),
(579, 1, '2019032500202220', 1, '2021-06-02 23:50:00', 400),
(580, 1, '2019032500202690', 1, '2021-06-02 23:50:00', 400),
(581, 1, '2019032500202200', 1, '2021-06-02 23:50:00', 400),
(582, 1, '2019032500202390', 1, '2021-06-02 23:50:00', 400),
(583, 1, '2019032500202710', 1, '2021-06-02 23:50:00', 400),
(584, 1, '2019032500202680', 1, '2021-06-02 23:50:00', 400),
(585, 1, '2019032500202290', 1, '2021-06-02 23:50:00', 400),
(586, 1, '2019032500202360', 1, '2021-06-02 23:50:00', 400),
(587, 1, '1', 1, '2021-06-02 23:50:00', 400),
(588, 1, '2019032500202240', 0, '2021-06-29 23:55:00', 400),
(589, 1, '2019032500202450', 1, '2021-06-29 23:55:00', 400),
(590, 1, '2019032500202420', 1, '2021-06-29 23:55:00', 400),
(591, 1, '2019032500202310', 1, '2021-06-29 23:55:00', 400),
(592, 1, '2019032500202110', 1, '2021-06-29 23:55:00', 400),
(593, 1, '2019032500202430', 1, '2021-06-29 23:55:00', 400),
(594, 1, '2019032500202380', 1, '2021-06-29 23:55:00', 400),
(595, 1, '2019032500202340', 0, '2021-06-29 23:55:00', 400),
(596, 1, '2019032500202660', 1, '2021-06-29 23:55:00', 400),
(597, 1, '2019032500202260', 1, '2021-06-29 23:55:00', 400),
(598, 1, '2019032500202570', 1, '2021-06-29 23:55:00', 400),
(599, 1, '2019032500202370', 1, '2021-06-29 23:55:00', 400),
(600, 1, '2019032500202080', 1, '2021-06-29 23:55:00', 400),
(601, 1, '2019032500202630', 1, '2021-06-29 23:55:00', 400),
(602, 1, '2019032500202410', 1, '2021-06-29 23:55:00', 400),
(603, 1, '2019032500202320', 1, '2021-06-29 23:55:00', 400),
(604, 1, '2019032500202220', 1, '2021-06-29 23:55:00', 400),
(605, 1, '2019032500202690', 1, '2021-06-29 23:55:00', 400),
(606, 1, '2019032500202200', 1, '2021-06-29 23:55:00', 400),
(607, 1, '2019032500202390', 1, '2021-06-29 23:55:00', 400),
(608, 1, '2019032500202710', 1, '2021-06-29 23:55:00', 400),
(609, 1, '2019032500202680', 1, '2021-06-29 23:55:00', 400),
(610, 1, '2019032500202290', 1, '2021-06-29 23:55:00', 400),
(611, 1, '2019032500202360', 1, '2021-06-29 23:55:00', 400),
(612, 1, '1', 1, '2021-06-29 23:55:00', 400),
(613, 1, '2019032500202240', 0, '2021-06-29 23:57:00', 400),
(614, 1, '2019032500202450', 1, '2021-06-29 23:57:00', 400),
(615, 1, '2019032500202420', 1, '2021-06-29 23:57:00', 400),
(616, 1, '2019032500202310', 1, '2021-06-29 23:57:00', 400),
(617, 1, '2019032500202110', 0, '2021-06-29 23:57:00', 400),
(618, 1, '2019032500202430', 1, '2021-06-29 23:57:00', 400),
(619, 1, '2019032500202380', 1, '2021-06-29 23:57:00', 400),
(620, 1, '2019032500202340', 1, '2021-06-29 23:57:00', 400),
(621, 1, '2019032500202660', 1, '2021-06-29 23:57:00', 400),
(622, 1, '2019032500202260', 1, '2021-06-29 23:57:00', 400),
(623, 1, '2019032500202570', 1, '2021-06-29 23:57:00', 400),
(624, 1, '2019032500202370', 1, '2021-06-29 23:57:00', 400),
(625, 1, '2019032500202080', 1, '2021-06-29 23:57:00', 400),
(626, 1, '2019032500202630', 1, '2021-06-29 23:57:00', 400),
(627, 1, '2019032500202410', 1, '2021-06-29 23:57:00', 400),
(628, 1, '2019032500202320', 1, '2021-06-29 23:57:00', 400),
(629, 1, '2019032500202220', 1, '2021-06-29 23:57:00', 400),
(630, 1, '2019032500202690', 1, '2021-06-29 23:57:00', 400),
(631, 1, '2019032500202200', 1, '2021-06-29 23:57:00', 400),
(632, 1, '2019032500202390', 1, '2021-06-29 23:57:00', 400),
(633, 1, '2019032500202710', 1, '2021-06-29 23:57:00', 400),
(634, 1, '2019032500202680', 1, '2021-06-29 23:57:00', 400),
(635, 1, '2019032500202290', 1, '2021-06-29 23:57:00', 400),
(636, 1, '2019032500202360', 1, '2021-06-29 23:57:00', 400),
(637, 1, '1', 1, '2021-06-29 23:57:00', 400);

-- --------------------------------------------------------

--
-- Table structure for table `roles`
--

CREATE TABLE `roles` (
  `role_id` int(11) NOT NULL,
  `role_description` varchar(20) DEFAULT NULL
) ENGINE=InnoDB DEFAULT CHARSET=utf8mb4;

--
-- Dumping data for table `roles`
--

INSERT INTO `roles` (`role_id`, `role_description`) VALUES
(0, 'Admin'),
(1, 'HOD'),
(2, 'Staff');

-- --------------------------------------------------------

--
-- Table structure for table `semester`
--

CREATE TABLE `semester` (
  `sem_id` int(11) NOT NULL,
  `sem_name` varchar(10) DEFAULT NULL,
  `s_class_id` int(11) DEFAULT NULL
) ENGINE=InnoDB DEFAULT CHARSET=utf8mb4;

--
-- Dumping data for table `semester`
--

INSERT INTO `semester` (`sem_id`, `sem_name`, `s_class_id`) VALUES
(1, 'Semester 1', 1),
(2, 'Semester 2', 1),
(3, 'Semester 3', 2),
(4, 'Semester 4', 2),
(5, 'Semester 5', 3),
(6, 'Semester 6', 3),
(7, 'Semester 7', 4),
(8, 'Semester 8', 4);

-- --------------------------------------------------------

--
-- Table structure for table `student`
--

CREATE TABLE `student` (
  `prn_no` varchar(255) NOT NULL,
  `first_name` varchar(50) DEFAULT NULL,
  `middle_name` varchar(50) NOT NULL,
  `last_name` varchar(50) DEFAULT NULL,
  `roll_no` varchar(10) DEFAULT NULL,
  `dept_id` int(11) DEFAULT NULL,
  `year_id` int(11) DEFAULT NULL,
  `batch_id` int(11) DEFAULT NULL,
  `div_id` int(11) DEFAULT 1
) ENGINE=InnoDB DEFAULT CHARSET=utf8mb4;

--
-- Dumping data for table `student`
--

INSERT INTO `student` (`prn_no`, `first_name`, `middle_name`, `last_name`, `roll_no`, `dept_id`, `year_id`, `batch_id`, `div_id`) VALUES
('1', 'Sushant', 'Harishchandra', 'Barje', '65', 95, 3, 1, 1),
('2016032500220230', 'DIPALI', 'VISHNUPANT', 'WAGHMODE', '63', 95, 3, 3, 1),
('2016032500221080', 'ANIKET', 'SANJAY', 'SURYVANSHI', '60', 95, 3, 3, 1),
('2018032500111', 'AMAN', 'KUMAR', 'SINGH', '1', 95, 4, 1, 1),
('2018032500112', 'PRANAV', 'PRADIPRAM', 'TARE', '2', 95, 4, 1, 1),
('2018032500113', 'SUMEDH', 'NARAYAN', 'KULKARNI', '3', 95, 4, 1, 1),
('2018032500114', 'VISHAL', 'HARIDAS', 'JADHAV', '4', 95, 4, 1, 1),
('2018032500115', 'PRATHAMESH', 'BABURAO', 'JADHAV', '5', 95, 4, 1, 1),
('2018032500116', 'AJAY', 'SHIVAJI', 'SHETE', '6', 95, 4, 1, 1),
('2018032500117', 'ADARSH', 'BALU', 'KHAPE', '7', 95, 4, 1, 1),
('2018032500118', 'ABHIJIT', 'SHANTARAM', 'NAGANE', '8', 95, 4, 1, 1),
('2018032500119', 'ABHIJEET', 'KASHINATH', 'MUTKULE', '9', 95, 4, 1, 1),
('2018032500120', 'PRANJAL', 'MILIND', 'KOLHE', '10', 95, 4, 1, 1),
('2018032500121', 'VISHAL', 'PRAKASH', 'LAWATE', '11', 95, 4, 1, 1),
('2018032500122', 'SHUBHAM', 'ANANDA', 'GAVATE', '12', 95, 4, 1, 1),
('2018032500124', 'ABHISHEK', 'TANAJI', 'HINGALE', '14', 95, 4, 1, 1),
('2018032500125', 'SOURABH', 'SHIVAJI', 'PATIL', '15', 95, 4, 1, 1),
('2018032500126', 'SAHIL', 'YAHYAKHAN', 'PATHAN', '16', 95, 4, 1, 1),
('2018032500127', 'VAIBHAV', 'BHOLENATH', 'CHAVAN', '17', 95, 4, 1, 1),
('2018032500128', 'VINAYAK', 'VIJAY', 'PATHAK', '18', 95, 4, 1, 1),
('2018032500129', '', 'PRANAV', 'SONALKAR', '19', 95, 4, 1, 1),
('2018032500130', 'TUSHAR', 'TANAJI', 'NIMBALKAR', '20', 95, 4, 1, 1),
('2018032500131', 'VAIBHAVI', 'MANDAR', 'KULKARNI', '21', 95, 4, 1, 1),
('2018032500132', 'SEEMA', 'MOHAN', 'ZIMAL', '22', 95, 4, 1, 1),
('2018032500133', 'AISHWARYA', 'YUVRAJ', 'SANGADE', '23', 95, 4, 1, 1),
('2018032500134', 'VAISHNAVI', 'DATTATRAY', 'KAVATHE', '24', 95, 4, 1, 1),
('2018032500135', 'MAYURI', 'SANJAY', 'CHINCHOLKAR', '25', 95, 4, 2, 1),
('2018032500136', 'AKANKSHA', 'DIGAMBER', 'BHANGE', '26', 95, 4, 2, 1),
('2018032500137', 'AISHWARYA', 'VIKRAM', 'GHANTI', '27', 95, 4, 2, 1),
('2018032500138', 'BHAGYASHREE', 'BALASO', 'NAGANE', '28', 95, 4, 2, 1),
('2018032500139', 'KIRAN', 'ASHOK', 'SANTANI', '29', 95, 4, 2, 1),
('2018032500140', 'MAITHILI', 'VIJAY', 'MAHAKODE', '30', 95, 4, 2, 1),
('2018032500141', 'ANUJA', 'SATISH', 'MULAY', '31', 95, 4, 2, 1),
('2018032500142', 'SNEHAL', 'SANJAY', 'GAIKWAD', '32', 95, 4, 2, 1),
('2018032500143', 'SHIVANI', 'SANTOSH', 'SHAHANE', '33', 95, 4, 2, 1),
('2018032500144', 'HARSHADA', 'RAGHUNANDAN', 'KESKAR', '34', 95, 4, 2, 1),
('2018032500145', 'BHAGYASHREE', 'PANDIT', 'PUNEKAR', '35', 95, 4, 2, 1),
('2018032500146', 'GAYATRI', '', 'NARALE', '36', 95, 4, 2, 1),
('2018032500147', 'SWAPNALI', 'ASHOK', 'KOLE', '37', 95, 4, 2, 1),
('2018032500148', 'AARTI', 'HANUMANT', 'SAKAT', '38', 95, 4, 2, 1),
('2018032500149', 'RUPALI', 'DIGAMBAR', 'GAVALI', '39', 95, 4, 2, 1),
('2018032500150', 'POOJA', 'SUNIL', 'GAVALI', '40', 95, 4, 2, 1),
('2018032500151', 'KRANTI', 'UDDHAV', 'KADAM', '41', 95, 4, 2, 1),
('2018032500152', 'HARSHADA', 'PANDURANG', 'SURWASE', '42', 95, 4, 2, 1),
('2018032500153', 'SHITAL', 'PRADIP', 'DHAVARE', '43', 95, 4, 2, 1),
('2018032500154', 'AISHWARYA', 'SURESH', 'TELE', '44', 95, 4, 2, 1),
('2018032500155', 'SHITAL', 'VITTHAL', 'BANSODE', '45', 95, 4, 2, 1),
('2018032500156', 'SOUNDARYA', 'DATTATRAY', 'TAMTAM', '46', 95, 4, 2, 1),
('2018032500157', 'PAYAL', 'SATISH', 'CHOUGULE', '47', 95, 4, 2, 1),
('2018032500158', 'ARUNDHATI', 'HANUMANT', 'GHATSHILE', '48', 95, 4, 2, 1),
('2018032500159', 'NEHA', 'DNYANESHWAR', 'KARPE', '49', 95, 4, 3, 1),
('2018032500160', 'MEERA', 'NIVRUTTI', 'JADHAV', '50', 95, 4, 3, 1),
('2018032500161', 'VARSHA', 'MAHIPATI', 'THOKALE', '51', 95, 4, 3, 1),
('2018032500162', 'ABITA', 'LAHU', 'WAVARE', '52', 95, 4, 3, 1),
('2018032500163', 'POOJA', 'KALYAN', 'GAIKWAD', '53', 95, 4, 3, 1),
('2018032500164', 'PRATIKSHA', 'RAVINDRA', 'POTDAR', '54', 95, 4, 3, 1),
('2018032500165', 'KOMAL', 'ABHIMAN', 'VASEKAR', '55', 95, 4, 3, 1),
('2018032500166', 'GAURI', 'SANJAY', 'SARADE', '56', 95, 4, 3, 1),
('2018032500167', 'POOJA', 'NANDAKUMAR', 'JUNDALE', '57', 95, 4, 3, 1),
('2018032500168', 'SHRUTI', 'PENTAPPA', 'KUMBHAR', '58', 95, 4, 3, 1),
('2018032500169', 'SUVARNA', 'SAMBHAJI', 'SHINDE', '59', 95, 4, 3, 1),
('2018032500170', 'PRAJAKTA', 'BHIMRAO', 'SALGAR', '60', 95, 4, 3, 1),
('2018032500171', 'VAISHNAVI', 'ANANT', 'KULKARNI', '61', 95, 4, 3, 1),
('2018032500172', 'ROHINI', 'DHANANJAY', 'BAGAL', '62', 95, 4, 3, 1),
('2018032500173', 'POONAM', 'ANIL', 'KUMBHARKAR', '63', 95, 4, 3, 1),
('2018032500174', 'SONALI', 'VIKAS', 'KALE', '64', 95, 4, 3, 1),
('2018032500175', 'SANKET', 'KRUSHNAJI', 'DIWAN', '65', 95, 4, 0, 1),
('2018032500176', 'SAURABH', 'ABASAHEB', 'SHINDE', '66', 95, 4, 0, 1),
('2018032500177', 'SHAM', 'NAGNATH', 'MALI', '67', 95, 4, 0, 1),
('2018032500178', 'PRASAD', 'TANAJI', 'WAGHMARE', '68', 95, 4, 0, 1),
('2018032500179', 'LAXMI', 'UMESH', 'UMBARJE', '69', 95, 4, 0, 1),
('2018032500180', 'Onkar', 'Bibhishan', 'Vyavhare', '70', 95, 4, 0, 1),
('2018032500181', 'Vikram', 'Avinash', 'Shinde', '71', 95, 4, 0, 1),
('2018032500246960', 'SAKSHI', 'RAHUL', 'UPLAP', '62', 95, 3, 3, 1),
('2018032500246970', 'SURAJ', 'MALAKARI', 'SHINDE', '59', 95, 3, 3, 1),
('2018032500246990', 'KOMAL', 'RAJENDRA', 'WANGADARE', '64', 95, 3, 3, 1),
('2018032500247010', 'ALFIYA', 'MUBARAK', 'TAMBOLI', '61', 95, 3, 3, 1),
('2019032500202080', 'SHRIKRUSHANA', 'SURESH', 'CHAVAN', '13', 95, 3, 1, 1),
('2019032500202090', 'SUPRIYA', 'SANJAY', 'LENGARE', '34', 95, 3, 2, 1),
('2019032500202100', 'SUMERABEGAM', 'SHAMSUDDIN', 'SHAIKH', '54', 95, 3, 3, 1),
('2019032500202110', 'SUSHANT', 'HARISHCHANDRA', 'BARJE', '5', 95, 3, 1, 1),
('2019032500202120', 'PRIYANKA', 'RAMCHANDRA', 'MANE', '38', 95, 3, 2, 1),
('2019032500202130', 'VASVI', 'DATTATRAY', 'KAULWAR', '28', 95, 3, 2, 1),
('2019032500202140', 'ASAWARI', 'BALU', 'KAMBLE', '26', 95, 3, 2, 1),
('2019032500202150', 'RESHMA', 'GANPAT', 'KHAPALE', '29', 95, 3, 2, 1),
('2019032500202170', 'BHAGYASHRI', 'DHANAJI', 'MORE', '39', 95, 3, 2, 1),
('2019032500202180', 'MUKTA', 'PRASANNA', 'NIKATE', '45', 95, 3, 2, 1),
('2019032500202190', 'KSHITIJA', 'MANOJ', 'PURWAT', '50', 95, 3, 3, 1),
('2019032500202200', 'NIKITA', 'TATYASO', 'GAONDHARE', '19', 95, 3, 1, 1),
('2019032500202210', 'AISHWARYA', 'SUBHASH', 'LIMKAR', '35', 95, 3, 2, 1),
('2019032500202220', 'MADHURI', 'SANJAY', 'FARADE', '17', 95, 3, 1, 1),
('2019032500202230', 'VIDYARANI', 'ASHOK', 'KSHIRSAGAR', '32', 95, 3, 2, 1),
('2019032500202240', 'PRAGATI', 'PRAMOD', 'ATKALE', '1', 95, 3, 1, 1),
('2019032500202250', 'PARINITA', 'BHARAT', 'SHINDE', '57', 95, 3, 3, 1),
('2019032500202260', 'ANILKUMAR', 'MAHANTESH', 'BIRAJDAR', '10', 95, 3, 1, 1),
('2019032500202270', 'VISHAL', 'TANAJI', 'PHULE', '49', 95, 3, 3, 1),
('2019032500202290', 'NIKITA', 'LAXMAN', 'JAGTAP', '23', 95, 3, 1, 1),
('2019032500202300', 'SAHIL', 'SANJAY', 'JOSHI', '25', 95, 3, 2, 1),
('2019032500202310', 'ROHIT', 'RAJENDRA', 'BAGAL', '4', 95, 3, 1, 1),
('2019032500202320', 'RAKESH', 'SUHAS', 'DESHMUKH', '16', 95, 3, 1, 1),
('2019032500202330', 'POONAM', 'VILAS', 'SAWANT', '52', 95, 3, 3, 1),
('2019032500202340', 'RUTUJA', 'SANTOSH', 'BHIVARE', '8', 95, 3, 1, 1),
('2019032500202350', 'SAURABH', 'BALASAHEB', 'LINGE', '36', 95, 3, 2, 1),
('2019032500202360', 'AARTI', 'SADASHIV', 'JAMADADE', '24', 95, 3, 1, 1),
('2019032500202370', 'ROHIT', 'ARJUN', 'CHAVAN', '12', 95, 3, 1, 1),
('2019032500202380', 'PRIYANKA', 'MAHESH', 'BHIVARE', '7', 95, 3, 1, 1),
('2019032500202390', 'SANDHYA', 'UTTAM', 'GHADGE', '20', 95, 3, 1, 1),
('2019032500202400', 'PADMAJA', 'SANJAY', 'PANCHAWADKAR', '46', 95, 3, 2, 1),
('2019032500202410', 'RAMESHWAR', 'SHIVAJI', 'CHOURE', '15', 95, 3, 1, 1),
('2019032500202420', 'PRANJALI', 'PRAMOD', 'BAGAL', '3', 95, 3, 1, 1),
('2019032500202430', 'DNYANESH', 'NANDKUMAR', 'BHAGANAGARE', '6', 95, 3, 1, 1),
('2019032500202440', 'KAJAL', 'DASHRATH', 'PAWAR', '48', 95, 3, 2, 1),
('2019032500202450', 'SHUBHAM', 'SUNIL', 'BABAR', '2', 95, 3, 1, 1),
('2019032500202460', 'SHUBHAM', 'SHRINIVAS', 'LAHANDE', '33', 95, 3, 2, 1),
('2019032500202470', 'SUBHASH', 'DATTU', 'MOTE', '40', 95, 3, 2, 1),
('2019032500202480', 'ARATI', 'RAJKUMAR', 'SHELAKE', '55', 95, 3, 3, 1),
('2019032500202530', 'SHIRIN', 'JAKIRHUSEN', 'SHAIKH', '53', 95, 3, 3, 1),
('2019032500202540', 'AMRUTA', 'BABA', 'MALI', '37', 95, 3, 2, 1),
('2019032500202550', 'SHUBHANGI', 'HANMANT', 'KOLI', '31', 95, 3, 2, 1),
('2019032500202560', 'ONKAR', 'ANANT', 'NAGANE', '43', 95, 3, 2, 1),
('2019032500202570', 'TEJASHRI', 'SANJAY', 'BODAKE', '11', 95, 3, 1, 1),
('2019032500202580', 'AKASH', 'MAHADEV', 'SHINDE', '56', 95, 3, 3, 1),
('2019032500202590', 'ATHARV', 'NITIN', 'PARICHARAK', '47', 95, 3, 2, 1),
('2019032500202600', 'GAUTAMI', 'RAJKUMAR', 'KAMBLE', '27', 95, 3, 2, 1),
('2019032500202610', 'SUDHAKAR', 'SHIVAJI', 'SHINDE', '58', 95, 3, 3, 1),
('2019032500202630', 'GANESH', 'BHARAT', 'CHOUGULE', '14', 95, 3, 1, 1),
('2019032500202640', 'DIPAK', 'MARUTI', 'NIKAM', '44', 95, 3, 2, 1),
('2019032500202660', 'SHUBHAM', 'BALIRAM', 'BHUSE', '9', 95, 3, 1, 1),
('2019032500202670', 'RUSHIKESH', 'DHANAJI', 'KOLE', '30', 95, 3, 2, 1),
('2019032500202680', 'SONALI', 'DHANAJI', 'JADHAV', '22', 95, 3, 1, 1),
('2019032500202690', 'MADHURI', 'MOHAN', 'GAIKWAD', '18', 95, 3, 1, 1),
('2019032500202700', 'SHOAIB', 'SIRAJ', 'MULANI', '41', 95, 3, 2, 1),
('2019032500202710', 'SHIVANI', 'HEMANT', 'GOSAVI', '21', 95, 3, 1, 1),
('2019032500202720', 'ROHIT', 'MAHADEV', 'SATHE', '51', 95, 3, 3, 1),
('2019032500202730', 'ROHIT', 'YUVRAJ', 'MUNGASE', '42', 95, 3, 2, 1);

-- --------------------------------------------------------

--
-- Table structure for table `student_class`
--

CREATE TABLE `student_class` (
  `s_class_id` int(11) NOT NULL,
  `s_class_name` varchar(50) DEFAULT NULL
) ENGINE=InnoDB DEFAULT CHARSET=utf8mb4;

--
-- Dumping data for table `student_class`
--

INSERT INTO `student_class` (`s_class_id`, `s_class_name`) VALUES
(1, 'F.Y.B.Tech'),
(2, 'S.Y.B.Tech'),
(3, 'T.Y.B.Tech'),
(4, 'B.Tech');

-- --------------------------------------------------------

--
-- Table structure for table `year_belongs_dept`
--

CREATE TABLE `year_belongs_dept` (
  `id` int(11) NOT NULL,
  `dept_id` int(11) NOT NULL,
  `year_id` int(11) NOT NULL
) ENGINE=InnoDB DEFAULT CHARSET=utf8mb4;

--
-- Dumping data for table `year_belongs_dept`
--

INSERT INTO `year_belongs_dept` (`id`, `dept_id`, `year_id`) VALUES
(1, 93, 1),
(2, 94, 1),
(3, 95, 2),
(4, 95, 3),
(5, 95, 4),
(6, 96, 2),
(7, 96, 3),
(8, 96, 4);

--
-- Indexes for dumped tables
--

--
-- Indexes for table `academic_year`
--
ALTER TABLE `academic_year`
  ADD PRIMARY KEY (`acedemic_id`) USING BTREE;

--
-- Indexes for table `attendance`
--
ALTER TABLE `attendance`
  ADD PRIMARY KEY (`id`),
  ADD KEY `class_id` (`class_id`),
  ADD KEY `student_id` (`student_id`);

--
-- Indexes for table `batch`
--
ALTER TABLE `batch`
  ADD PRIMARY KEY (`batch_id`);

--
-- Indexes for table `class`
--
ALTER TABLE `class`
  ADD PRIMARY KEY (`class_id`),
  ADD KEY `faculty_id` (`faculty_id`),
  ADD KEY `course_id` (`course_id`),
  ADD KEY `div_id` (`div_id`),
  ADD KEY `academic_id` (`academic_id`),
  ADD KEY `dept_id` (`dept_id`),
  ADD KEY `sem_id` (`sem_id`),
  ADD KEY `s_class_id` (`s_class_id`);

--
-- Indexes for table `courses`
--
ALTER TABLE `courses`
  ADD PRIMARY KEY (`course_id`),
  ADD KEY `dept_id` (`dept_id`),
  ADD KEY `sem_id` (`sem_id`),
  ADD KEY `s_class_id` (`s_class_id`);

--
-- Indexes for table `department`
--
ALTER TABLE `department`
  ADD PRIMARY KEY (`dept_id`);

--
-- Indexes for table `division`
--
ALTER TABLE `division`
  ADD PRIMARY KEY (`div_id`);

--
-- Indexes for table `div_belongs_dept`
--
ALTER TABLE `div_belongs_dept`
  ADD PRIMARY KEY (`id`),
  ADD KEY `dept_id` (`dept_id`),
  ADD KEY `div_id` (`div_id`);

--
-- Indexes for table `faculty`
--
ALTER TABLE `faculty`
  ADD PRIMARY KEY (`faculty_id`),
  ADD KEY `dept_id` (`dept_id`),
  ADD KEY `role_id` (`role_id`);

--
-- Indexes for table `practical_class`
--
ALTER TABLE `practical_class`
  ADD PRIMARY KEY (`p_class_id`),
  ADD KEY `faculty_id` (`faculty_id`),
  ADD KEY `course_id` (`course_id`),
  ADD KEY `div_id` (`div_id`),
  ADD KEY `batch_id` (`batch_id`),
  ADD KEY `academic_id` (`academic_id`),
  ADD KEY `year_id` (`year_id`),
  ADD KEY `sem_id` (`sem_id`),
  ADD KEY `dept_id` (`dept_id`);

--
-- Indexes for table `pract_attend`
--
ALTER TABLE `pract_attend`
  ADD PRIMARY KEY (`uid`),
  ADD KEY `p_class_id` (`p_class_id`),
  ADD KEY `prn_no` (`prn_no`),
  ADD KEY `course_id` (`course_id`);

--
-- Indexes for table `roles`
--
ALTER TABLE `roles`
  ADD PRIMARY KEY (`role_id`);

--
-- Indexes for table `semester`
--
ALTER TABLE `semester`
  ADD PRIMARY KEY (`sem_id`),
  ADD KEY `s_class_id` (`s_class_id`);

--
-- Indexes for table `student`
--
ALTER TABLE `student`
  ADD PRIMARY KEY (`prn_no`),
  ADD KEY `dept_id` (`dept_id`),
  ADD KEY `year_id` (`year_id`),
  ADD KEY `div_id` (`div_id`),
  ADD KEY `batch_id` (`batch_id`);

--
-- Indexes for table `student_class`
--
ALTER TABLE `student_class`
  ADD PRIMARY KEY (`s_class_id`);

--
-- Indexes for table `year_belongs_dept`
--
ALTER TABLE `year_belongs_dept`
  ADD PRIMARY KEY (`id`),
  ADD KEY `dept_id` (`dept_id`),
  ADD KEY `year_id` (`year_id`);

--
-- AUTO_INCREMENT for dumped tables
--

--
-- AUTO_INCREMENT for table `academic_year`
--
ALTER TABLE `academic_year`
  MODIFY `acedemic_id` int(11) NOT NULL AUTO_INCREMENT, AUTO_INCREMENT=95;

--
-- AUTO_INCREMENT for table `attendance`
--
ALTER TABLE `attendance`
  MODIFY `id` bigint(20) NOT NULL AUTO_INCREMENT, AUTO_INCREMENT=3764;

--
-- AUTO_INCREMENT for table `class`
--
ALTER TABLE `class`
  MODIFY `class_id` int(11) NOT NULL AUTO_INCREMENT, AUTO_INCREMENT=147;

--
-- AUTO_INCREMENT for table `department`
--
ALTER TABLE `department`
  MODIFY `dept_id` int(11) NOT NULL AUTO_INCREMENT, AUTO_INCREMENT=97;

--
-- AUTO_INCREMENT for table `div_belongs_dept`
--
ALTER TABLE `div_belongs_dept`
  MODIFY `id` int(11) NOT NULL AUTO_INCREMENT, AUTO_INCREMENT=11;

--
-- AUTO_INCREMENT for table `practical_class`
--
ALTER TABLE `practical_class`
  MODIFY `p_class_id` int(11) NOT NULL AUTO_INCREMENT, AUTO_INCREMENT=16;

--
-- AUTO_INCREMENT for table `pract_attend`
--
ALTER TABLE `pract_attend`
  MODIFY `uid` bigint(20) NOT NULL AUTO_INCREMENT, AUTO_INCREMENT=638;

--
-- AUTO_INCREMENT for table `year_belongs_dept`
--
ALTER TABLE `year_belongs_dept`
  MODIFY `id` int(11) NOT NULL AUTO_INCREMENT, AUTO_INCREMENT=9;

--
-- Constraints for dumped tables
--

--
-- Constraints for table `attendance`
--
ALTER TABLE `attendance`
  ADD CONSTRAINT `attendance_ibfk_1` FOREIGN KEY (`class_id`) REFERENCES `class` (`class_id`) ON DELETE CASCADE ON UPDATE CASCADE,
  ADD CONSTRAINT `attendance_ibfk_2` FOREIGN KEY (`student_id`) REFERENCES `student` (`prn_no`) ON DELETE CASCADE ON UPDATE CASCADE;

--
-- Constraints for table `class`
--
ALTER TABLE `class`
  ADD CONSTRAINT `class_ibfk_1` FOREIGN KEY (`faculty_id`) REFERENCES `faculty` (`faculty_id`) ON DELETE CASCADE ON UPDATE CASCADE,
  ADD CONSTRAINT `class_ibfk_2` FOREIGN KEY (`course_id`) REFERENCES `courses` (`course_id`) ON DELETE CASCADE ON UPDATE CASCADE,
  ADD CONSTRAINT `class_ibfk_3` FOREIGN KEY (`div_id`) REFERENCES `division` (`div_id`) ON DELETE CASCADE ON UPDATE CASCADE,
  ADD CONSTRAINT `class_ibfk_4` FOREIGN KEY (`academic_id`) REFERENCES `academic_year` (`acedemic_id`) ON DELETE CASCADE ON UPDATE CASCADE,
  ADD CONSTRAINT `class_ibfk_5` FOREIGN KEY (`dept_id`) REFERENCES `department` (`dept_id`) ON DELETE CASCADE ON UPDATE CASCADE,
  ADD CONSTRAINT `class_ibfk_6` FOREIGN KEY (`sem_id`) REFERENCES `semester` (`sem_id`) ON DELETE CASCADE ON UPDATE CASCADE,
  ADD CONSTRAINT `class_ibfk_7` FOREIGN KEY (`s_class_id`) REFERENCES `student_class` (`s_class_id`) ON DELETE CASCADE ON UPDATE CASCADE;

--
-- Constraints for table `courses`
--
ALTER TABLE `courses`
  ADD CONSTRAINT `courses_ibfk_1` FOREIGN KEY (`dept_id`) REFERENCES `department` (`dept_id`) ON DELETE CASCADE ON UPDATE CASCADE,
  ADD CONSTRAINT `courses_ibfk_2` FOREIGN KEY (`sem_id`) REFERENCES `semester` (`sem_id`) ON DELETE CASCADE ON UPDATE CASCADE,
  ADD CONSTRAINT `courses_ibfk_3` FOREIGN KEY (`s_class_id`) REFERENCES `student_class` (`s_class_id`) ON DELETE CASCADE ON UPDATE CASCADE;

--
-- Constraints for table `div_belongs_dept`
--
ALTER TABLE `div_belongs_dept`
  ADD CONSTRAINT `div_belongs_dept_ibfk_1` FOREIGN KEY (`dept_id`) REFERENCES `department` (`dept_id`) ON DELETE CASCADE ON UPDATE CASCADE,
  ADD CONSTRAINT `div_belongs_dept_ibfk_2` FOREIGN KEY (`div_id`) REFERENCES `division` (`div_id`) ON DELETE CASCADE ON UPDATE CASCADE;

--
-- Constraints for table `faculty`
--
ALTER TABLE `faculty`
  ADD CONSTRAINT `faculty_ibfk_2` FOREIGN KEY (`role_id`) REFERENCES `roles` (`role_id`) ON DELETE CASCADE ON UPDATE CASCADE;

--
-- Constraints for table `practical_class`
--
ALTER TABLE `practical_class`
  ADD CONSTRAINT `practical_class_ibfk_1` FOREIGN KEY (`faculty_id`) REFERENCES `faculty` (`faculty_id`) ON DELETE CASCADE ON UPDATE CASCADE,
  ADD CONSTRAINT `practical_class_ibfk_2` FOREIGN KEY (`course_id`) REFERENCES `courses` (`course_id`) ON DELETE CASCADE ON UPDATE CASCADE,
  ADD CONSTRAINT `practical_class_ibfk_3` FOREIGN KEY (`div_id`) REFERENCES `division` (`div_id`) ON DELETE CASCADE ON UPDATE CASCADE,
  ADD CONSTRAINT `practical_class_ibfk_4` FOREIGN KEY (`batch_id`) REFERENCES `batch` (`batch_id`) ON DELETE CASCADE ON UPDATE CASCADE,
  ADD CONSTRAINT `practical_class_ibfk_5` FOREIGN KEY (`academic_id`) REFERENCES `academic_year` (`acedemic_id`) ON DELETE CASCADE ON UPDATE CASCADE,
  ADD CONSTRAINT `practical_class_ibfk_6` FOREIGN KEY (`year_id`) REFERENCES `student_class` (`s_class_id`) ON DELETE CASCADE ON UPDATE CASCADE,
  ADD CONSTRAINT `practical_class_ibfk_7` FOREIGN KEY (`sem_id`) REFERENCES `semester` (`sem_id`) ON DELETE CASCADE ON UPDATE CASCADE,
  ADD CONSTRAINT `practical_class_ibfk_8` FOREIGN KEY (`dept_id`) REFERENCES `department` (`dept_id`) ON DELETE CASCADE ON UPDATE CASCADE;

--
-- Constraints for table `pract_attend`
--
ALTER TABLE `pract_attend`
  ADD CONSTRAINT `pract_attend_ibfk_1` FOREIGN KEY (`p_class_id`) REFERENCES `practical_class` (`p_class_id`) ON DELETE CASCADE ON UPDATE CASCADE,
  ADD CONSTRAINT `pract_attend_ibfk_2` FOREIGN KEY (`prn_no`) REFERENCES `student` (`prn_no`) ON DELETE CASCADE ON UPDATE CASCADE,
  ADD CONSTRAINT `pract_attend_ibfk_3` FOREIGN KEY (`course_id`) REFERENCES `courses` (`course_id`) ON DELETE CASCADE ON UPDATE CASCADE;

--
-- Constraints for table `year_belongs_dept`
--
ALTER TABLE `year_belongs_dept`
  ADD CONSTRAINT `year_belongs_dept_ibfk_1` FOREIGN KEY (`dept_id`) REFERENCES `department` (`dept_id`) ON DELETE CASCADE ON UPDATE CASCADE,
  ADD CONSTRAINT `year_belongs_dept_ibfk_2` FOREIGN KEY (`year_id`) REFERENCES `student_class` (`s_class_id`) ON DELETE CASCADE ON UPDATE CASCADE;
COMMIT;

/*!40101 SET CHARACTER_SET_CLIENT=@OLD_CHARACTER_SET_CLIENT */;
/*!40101 SET CHARACTER_SET_RESULTS=@OLD_CHARACTER_SET_RESULTS */;
/*!40101 SET COLLATION_CONNECTION=@OLD_COLLATION_CONNECTION */;
